caldt,mret,model,year,portfolio_alpha,target_mode,long_decile,short_decile,backtest_start,backtest_end
1991-01-31,0.08089036637903765,elastic_net,1990,0.014315573430016236,alpha,0.1,0,,
1991-02-28,0.08714496670232863,elastic_net,1990,0.002225340736440623,alpha,0.1,0,,
1991-03-28,0.048593221924807764,elastic_net,1990,0.008801116075654335,alpha,0.1,0,,
1991-04-30,-0.004668915668880631,elastic_net,1990,-0.004284357599189632,alpha,0.1,0,,
1991-05-31,0.061885722638964906,elastic_net,1990,0.014961642828838134,alpha,0.1,0,,
1991-06-28,-0.05291499951427304,elastic_net,1990,-0.0039828639138836525,alpha,0.1,0,,
1991-07-31,0.05927544568157214,elastic_net,1990,0.008300897554691655,alpha,0.1,0,,
1991-08-30,0.04135646919768425,elastic_net,1990,0.009974487029508743,alpha,0.1,0,,
1991-09-30,0.003480196616947576,elastic_net,1990,0.011623947034834235,alpha,0.1,0,,
1991-10-31,0.029901717263764907,elastic_net,1990,0.009914467824885205,alpha,0.1,0,,
1991-11-29,-0.043651908837291795,elastic_net,1990,-0.0048779225526089515,alpha,0.1,0,,
1991-12-31,0.1348036553643302,elastic_net,1990,0.013012826466896901,alpha,0.1,0,,
1992-01-31,0.015468925464395277,elastic_net,1991,0.017090717975380948,alpha,0.1,0,,
1992-02-28,0.009380449875641756,elastic_net,1991,0.003969653805916953,alpha,0.1,0,,
1992-03-31,-0.04726181915735654,elastic_net,1991,-0.015621049955995586,alpha,0.1,0,,
1992-04-30,-0.0374011255261624,elastic_net,1991,-0.03584000899156991,alpha,0.1,0,,
1992-05-29,0.010774210917155904,elastic_net,1991,0.00635073988197408,alpha,0.1,0,,
1992-06-30,-0.03426380982340337,elastic_net,1991,-0.005381045383372585,alpha,0.1,0,,
1992-07-31,0.044285352266234534,elastic_net,1991,0.0010402455954608009,alpha,0.1,0,,
1992-08-31,-0.025218062343451163,elastic_net,1991,-0.006014678834123984,alpha,0.1,0,,
1992-09-30,0.03554672262645611,elastic_net,1991,0.019013132693679935,alpha,0.1,0,,
1992-10-30,0.0378891615920706,elastic_net,1991,0.01922423002486759,alpha,0.1,0,,
1992-11-30,0.05773766134939266,elastic_net,1991,0.0036391282146836235,alpha,0.1,0,,
1992-12-31,0.026926086681915828,elastic_net,1991,0.01003497290280229,alpha,0.1,0,,
1993-01-29,0.006160752275182963,elastic_net,1992,0.002159505855994912,alpha,0.1,0,,
1993-02-26,-0.051299359559600174,elastic_net,1992,-0.037185383059870694,alpha,0.1,0,,
1993-03-31,0.027283177740959758,elastic_net,1992,0.003285331622070082,alpha,0.1,0,,
1993-04-30,-0.03895914802283877,elastic_net,1992,-0.004980532402012801,alpha,0.1,0,,
1993-05-28,0.04603820088719564,elastic_net,1992,0.006608347582819835,alpha,0.1,0,,
1993-06-30,0.009757826546914955,elastic_net,1992,0.008204347259909244,alpha,0.1,0,,
1993-07-30,-0.0014707109659463369,elastic_net,1992,0.004342047878109507,alpha,0.1,0,,
1993-08-31,0.042826878928102496,elastic_net,1992,0.0017218021138474399,alpha,0.1,0,,
1993-09-30,0.025671580184543633,elastic_net,1992,0.01997639585822657,alpha,0.1,0,,
1993-10-29,0.007920160133919454,elastic_net,1992,-0.012291836929287994,alpha,0.1,0,,
1993-11-30,-0.02656904839200893,elastic_net,1992,-0.010255909361003086,alpha,0.1,0,,
1993-12-31,0.03739016967303649,elastic_net,1992,0.016220562555632652,alpha,0.1,0,,
1994-01-31,0.03695267491976948,elastic_net,1993,0.00820964338292968,alpha,0.1,0,,
1994-02-28,-0.019446898161133028,elastic_net,1993,-0.0011321948554466506,alpha,0.1,0,,
1994-03-31,-0.04816499591338926,elastic_net,1993,0.004015729642412334,alpha,0.1,0,,
1994-04-29,0.007702956091728311,elastic_net,1993,0.003112675877434309,alpha,0.1,0,,
1994-05-31,0.004563407633246703,elastic_net,1993,0.0003364126144471723,alpha,0.1,0,,
1994-06-30,-0.03484750066122682,elastic_net,1993,-0.0013200411866432366,alpha,0.1,0,,
1994-07-29,0.02398281996648351,elastic_net,1993,-0.004975946550013797,alpha,0.1,0,,
1994-08-31,0.04985470420100187,elastic_net,1993,-0.0019636939762926464,alpha,0.1,0,,
1994-09-30,-0.020661807089602677,elastic_net,1993,-0.003786496326708029,alpha,0.1,0,,
1994-10-31,0.020469732430248962,elastic_net,1993,0.002597013901059944,alpha,0.1,0,,
1994-11-30,-0.036845606669215776,elastic_net,1993,-0.0007220362778127681,alpha,0.1,0,,
1994-12-30,0.014511434177223004,elastic_net,1993,0.0018758004343825668,alpha,0.1,0,,
1995-01-31,0.01010400597758654,elastic_net,1994,-0.007622690714957621,alpha,0.1,0,,
1995-02-28,0.037291305382985925,elastic_net,1994,-0.003146634578986743,alpha,0.1,0,,
1995-03-31,0.03520485046093934,elastic_net,1994,0.007155029528581679,alpha,0.1,0,,
1995-04-28,0.010327536783011775,elastic_net,1994,-0.012377629035991895,alpha,0.1,0,,
1995-05-31,0.03182481339893395,elastic_net,1994,0.0014462295587688578,alpha,0.1,0,,
1995-06-30,0.050806803838035104,elastic_net,1994,0.007433634224493453,alpha,0.1,0,,
1995-07-31,0.059090089308906205,elastic_net,1994,0.009379655451731625,alpha,0.1,0,,
1995-08-31,0.021710441933553468,elastic_net,1994,0.014226217440132225,alpha,0.1,0,,
1995-09-29,0.03344197021757853,elastic_net,1994,-0.0023905792209364465,alpha,0.1,0,,
1995-10-31,-0.022255343579165348,elastic_net,1994,-0.006785334059643804,alpha,0.1,0,,
1995-11-30,0.03960784311383364,elastic_net,1994,-0.001812697599982531,alpha,0.1,0,,
1995-12-29,0.00855633356839335,elastic_net,1994,-0.002409676095940766,alpha,0.1,0,,
1996-01-31,0.015591312484410513,elastic_net,1995,-0.0039797838967746465,alpha,0.1,0,,
1996-02-29,0.03421032211805938,elastic_net,1995,0.009985899740411735,alpha,0.1,0,,
1996-03-29,0.011256591685509373,elastic_net,1995,-0.0031370900445475613,alpha,0.1,0,,
1996-04-30,0.04990430968527841,elastic_net,1995,0.011046000567197942,alpha,0.1,0,,
1996-05-31,0.023386317200026024,elastic_net,1995,-0.010532824051018592,alpha,0.1,0,,
1996-06-28,-0.031913221666197554,elastic_net,1995,-0.014635030217050513,alpha,0.1,0,,
1996-07-31,-0.07365468521826968,elastic_net,1995,-0.0017599824084265775,alpha,0.1,0,,
1996-08-30,0.05206994762293486,elastic_net,1995,0.010856112981163984,alpha,0.1,0,,
1996-09-30,0.06281462755803105,elastic_net,1995,0.0023018683540954807,alpha,0.1,0,,
1996-10-31,-0.010307332299562611,elastic_net,1995,-0.008642094652430212,alpha,0.1,0,,
1996-11-29,0.05503143513757714,elastic_net,1995,-0.008152657145895553,alpha,0.1,0,,
1996-12-31,-0.010308760976815943,elastic_net,1995,0.0026859392876136968,alpha,0.1,0,,
1997-01-31,0.04222090940111265,elastic_net,1996,-0.012426251988310655,alpha,0.1,0,,
1997-02-28,-0.027792782230447132,elastic_net,1996,-0.011786125275424452,alpha,0.1,0,,
1997-03-31,-0.052716990432404826,elastic_net,1996,0.0011556073204835732,alpha,0.1,0,,
1997-04-30,0.016010620003715448,elastic_net,1996,-0.02420080047312547,alpha,0.1,0,,
1997-05-30,0.09316277670223257,elastic_net,1996,0.004339031774179991,alpha,0.1,0,,
1997-06-30,0.03975216329849777,elastic_net,1996,-0.005377028453781511,alpha,0.1,0,,
1997-07-31,0.07690963967324006,elastic_net,1996,-0.004048431423898491,alpha,0.1,0,,
1997-08-29,-0.011587952304007066,elastic_net,1996,0.017820351569611214,alpha,0.1,0,,
1997-09-30,0.0695106035781405,elastic_net,1996,0.005174508958376255,alpha,0.1,0,,
1997-10-31,-0.04538562925397852,elastic_net,1996,-0.003607172885804477,alpha,0.1,0,,
1997-11-28,0.001061096274419233,elastic_net,1996,-0.022419073944106298,alpha,0.1,0,,
1997-12-31,0.007395352614696894,elastic_net,1996,-0.0017896456890153295,alpha,0.1,0,,
1998-01-30,-0.006707110297828698,elastic_net,1997,-0.01336166635330638,alpha,0.1,0,,
1998-02-27,0.07747164873246253,elastic_net,1997,-0.004655160238031114,alpha,0.1,0,,
1998-03-31,0.04423166744432807,elastic_net,1997,-0.00714948366082975,alpha,0.1,0,,
1998-04-30,0.010077263951270208,elastic_net,1997,-0.0020196697340885703,alpha,0.1,0,,
1998-05-29,-0.0394379987560057,elastic_net,1997,-0.0004870399531481384,alpha,0.1,0,,
1998-06-30,0.01385153008848755,elastic_net,1997,-0.026749009690967676,alpha,0.1,0,,
1998-07-31,-0.04625240290474157,elastic_net,1997,-0.019006342808913616,alpha,0.1,0,,
1998-08-31,-0.18027810534824576,elastic_net,1997,0.0014543293645535027,alpha,0.1,0,,
1998-09-30,0.06259696593261575,elastic_net,1997,-0.013550658408581516,alpha,0.1,0,,
1998-10-30,0.06785615368965776,elastic_net,1997,-0.00443992059832074,alpha,0.1,0,,
1998-11-30,0.0588670689164056,elastic_net,1997,-0.012565049464527973,alpha,0.1,0,,
1998-12-31,0.06030576820288302,elastic_net,1997,-0.015443050870575882,alpha,0.1,0,,
1999-01-29,0.055358380851402024,elastic_net,1998,0.0002974472873123746,alpha,0.1,0,,
1999-02-26,-0.05513548873491623,elastic_net,1998,-0.0012442595620490923,alpha,0.1,0,,
1999-03-31,0.05934071300698258,elastic_net,1998,0.019247908767011906,alpha,0.1,0,,
1999-04-30,0.030980273890229316,elastic_net,1998,-0.019375740069284386,alpha,0.1,0,,
1999-05-28,-0.012294351223808406,elastic_net,1998,0.013705298383131222,alpha,0.1,0,,
1999-06-30,0.06926389165599425,elastic_net,1998,0.004982559511506314,alpha,0.1,0,,
1999-07-30,-0.02272284159495363,elastic_net,1998,0.012254893401739322,alpha,0.1,0,,
1999-08-31,-0.007208488617412934,elastic_net,1998,0.004440201083284873,alpha,0.1,0,,
1999-09-30,-0.00909749671638608,elastic_net,1998,0.007504308376951763,alpha,0.1,0,,
1999-10-29,0.06314943395875433,elastic_net,1998,0.000386070927389591,alpha,0.1,0,,
1999-11-30,0.07131301550856164,elastic_net,1998,0.015865443046367368,alpha,0.1,0,,
1999-12-31,0.12496716078016665,elastic_net,1998,0.01510664083822548,alpha,0.1,0,,
2000-01-31,-0.03798827405033711,elastic_net,1999,0.007515916763256511,alpha,0.1,0,,
2000-02-29,0.03146493045623829,elastic_net,1999,-0.03685417898941968,alpha,0.1,0,,
2000-03-31,0.07250568170688494,elastic_net,1999,0.04172149853834822,alpha,0.1,0,,
2000-04-28,-0.044247390848065796,elastic_net,1999,0.040992403372370194,alpha,0.1,0,,
2000-05-31,-0.04046620598874263,elastic_net,1999,0.012681100926722089,alpha,0.1,0,,
2000-06-30,0.046888341886811194,elastic_net,1999,-0.03332394704938163,alpha,0.1,0,,
2000-07-31,-0.014977500609403943,elastic_net,1999,0.021200766239821794,alpha,0.1,0,,
2000-08-31,0.07402970974560066,elastic_net,1999,-0.0020938273750910064,alpha,0.1,0,,
2000-09-29,-0.06023748620814202,elastic_net,1999,0.007862346296703543,alpha,0.1,0,,
2000-10-31,-0.02866320476173982,elastic_net,1999,0.012001344299962129,alpha,0.1,0,,
2000-11-30,-0.10068077106674654,elastic_net,1999,0.03477564013968598,alpha,0.1,0,,
2000-12-29,0.008867345380087469,elastic_net,1999,0.0038601510431841746,alpha,0.1,0,,
2001-01-31,0.04395353480399195,elastic_net,2000,-0.015886741970751732,alpha,0.1,0,,
2001-02-28,-0.15112316553965033,elastic_net,2000,-0.02548753021649025,alpha,0.1,0,,
2001-03-30,-0.09666337465329257,elastic_net,2000,-0.01577000643977841,alpha,0.1,0,,
2001-04-30,0.11149382259905462,elastic_net,2000,0.01630566414774194,alpha,0.1,0,,
2001-05-31,-0.00807045084100041,elastic_net,2000,-0.015879619067964063,alpha,0.1,0,,
2001-06-29,-0.026902621617812168,elastic_net,2000,-0.02181887108510716,alpha,0.1,0,,
2001-07-31,-0.033572387361286406,elastic_net,2000,0.00031835465377249433,alpha,0.1,0,,
2001-08-31,-0.08132719804840574,elastic_net,2000,-0.006128307229228941,alpha,0.1,0,,
2001-09-28,-0.11142552347350691,elastic_net,2000,-0.003717147469065693,alpha,0.1,0,,
2001-10-31,0.04836123083837105,elastic_net,2000,-0.0010903987527148343,alpha,0.1,0,,
2001-11-30,0.09294221579589733,elastic_net,2000,0.012522726186263503,alpha,0.1,0,,
2001-12-31,0.008342209562743787,elastic_net,2000,-0.015663022736156287,alpha,0.1,0,,
2002-01-31,-0.021039351034669477,elastic_net,2001,0.00023104247760477245,alpha,0.1,0,,
2002-02-28,-0.04642115473500404,elastic_net,2001,-0.01044603034886736,alpha,0.1,0,,
2002-03-28,0.04488941022744521,elastic_net,2001,-0.003257973219198157,alpha,0.1,0,,
2002-04-30,-0.0695257609865336,elastic_net,2001,-0.011021160747751543,alpha,0.1,0,,
2002-05-31,-0.019748733133951812,elastic_net,2001,0.003148389205040906,alpha,0.1,0,,
2002-06-28,-0.08630467480992632,elastic_net,2001,-0.01177202712256216,alpha,0.1,0,,
2002-07-31,-0.08402045448199447,elastic_net,2001,0.00200246228940798,alpha,0.1,0,,
2002-08-30,0.004643940932052671,elastic_net,2001,3.9276797606303034e-05,alpha,0.1,0,,
2002-09-30,-0.1003849251578249,elastic_net,2001,-0.0018064124303656393,alpha,0.1,0,,
2002-10-31,0.0849536930017418,elastic_net,2001,0.00550425436243053,alpha,0.1,0,,
2002-11-29,0.06218963145175573,elastic_net,2001,0.0030906685838413828,alpha,0.1,0,,
2002-12-31,-0.07319977361916684,elastic_net,2001,-0.01598281811759833,alpha,0.1,0,,
2003-01-31,-0.019128918105402716,elastic_net,2002,0.0057370701484661946,alpha,0.1,0,,
2003-02-28,-0.012927325605192056,elastic_net,2002,0.0042099075123763745,alpha,0.1,0,,
2003-03-31,0.016815517043960806,elastic_net,2002,0.0005699425889928913,alpha,0.1,0,,
2003-04-30,0.07654409822820735,elastic_net,2002,-0.007837086874671426,alpha,0.1,0,,
2003-05-30,0.06772113185157362,elastic_net,2002,0.003868791593316573,alpha,0.1,0,,
2003-06-30,0.015435139498175635,elastic_net,2002,-0.002656633425143492,alpha,0.1,0,,
2003-07-31,0.03646737415850318,elastic_net,2002,0.006949950336708026,alpha,0.1,0,,
2003-08-29,0.03444036940331788,elastic_net,2002,0.011862431060016554,alpha,0.1,0,,
2003-09-30,-0.02085594555163947,elastic_net,2002,-0.008475961666567819,alpha,0.1,0,,
2003-10-31,0.07020822928822978,elastic_net,2002,0.008348779756591776,alpha,0.1,0,,
2003-11-28,0.016285869189596635,elastic_net,2002,0.0035872332127722395,alpha,0.1,0,,
2003-12-31,0.021571381596236224,elastic_net,2002,-0.016991495253115052,alpha,0.1,0,,
2004-01-30,0.019433642998012184,elastic_net,2003,0.0010813554411998466,alpha,0.1,0,,
2004-02-27,0.008676902021224349,elastic_net,2003,-0.005973182767716394,alpha,0.1,0,,
2004-03-31,0.0017876483002870938,elastic_net,2003,0.010662965039636815,alpha,0.1,0,,
2004-04-30,-0.043750256012419074,elastic_net,2003,-0.03050910181586535,alpha,0.1,0,,
2004-05-28,0.023624165777219805,elastic_net,2003,0.010883473493768638,alpha,0.1,0,,
2004-06-30,0.017158589014669007,elastic_net,2003,-0.005143895193320789,alpha,0.1,0,,
2004-07-30,-0.062931218208809,elastic_net,2003,-0.017663307229588858,alpha,0.1,0,,
2004-08-31,-0.0065016203812515725,elastic_net,2003,-0.008176524123668516,alpha,0.1,0,,
2004-09-30,0.03464101737820566,elastic_net,2003,0.009309666757044605,alpha,0.1,0,,
2004-10-29,0.016031997137388423,elastic_net,2003,0.0005954749950284697,alpha,0.1,0,,
2004-11-30,0.05431164161196042,elastic_net,2003,0.0020194157751170366,alpha,0.1,0,,
2004-12-31,0.03885087294214598,elastic_net,2003,0.0025833670937494627,alpha,0.1,0,,
2005-01-31,-0.034537231341091476,elastic_net,2004,-0.006687883577537634,alpha,0.1,0,,
2005-02-28,0.026751266213262667,elastic_net,2004,0.007246894371646804,alpha,0.1,0,,
2005-03-31,-0.01722915608054441,elastic_net,2004,0.00673601997941849,alpha,0.1,0,,
2005-04-29,-0.012837740821204188,elastic_net,2004,0.01537364596327838,alpha,0.1,0,,
2005-05-31,0.04263044059395221,elastic_net,2004,-0.0009605651201796545,alpha,0.1,0,,
2005-06-30,0.03074822997826966,elastic_net,2004,0.02021148957237463,alpha,0.1,0,,
2005-07-29,0.05694916023597268,elastic_net,2004,0.008385154296283483,alpha,0.1,0,,
2005-08-31,-0.0026698200613081433,elastic_net,2004,0.009204611609897462,alpha,0.1,0,,
2005-09-30,0.022670136584518837,elastic_net,2004,0.01470480499899,alpha,0.1,0,,
2005-10-31,-0.027515374440593786,elastic_net,2004,-0.009482640486535136,alpha,0.1,0,,
2005-11-30,0.039272016755612454,elastic_net,2004,-0.005403500798575121,alpha,0.1,0,,
2005-12-30,0.009225160317931165,elastic_net,2004,0.00932377296252977,alpha,0.1,0,,
2006-01-31,0.05130521979534208,elastic_net,2005,0.009504541989686054,alpha,0.1,0,,
2006-02-28,-0.017116713376695757,elastic_net,2005,-0.013504494998755272,alpha,0.1,0,,
2006-03-31,0.020796006828477112,elastic_net,2005,-0.00241411399594655,alpha,0.1,0,,
2006-04-28,0.011750460629140444,elastic_net,2005,0.0038144426609411372,alpha,0.1,0,,
2006-05-31,-0.04522714946981115,elastic_net,2005,-0.003969179831379732,alpha,0.1,0,,
2006-06-30,-0.001304307683020595,elastic_net,2005,-0.0007240000508790916,alpha,0.1,0,,
2006-07-31,-0.01581129433492202,elastic_net,2005,-0.003063515970289494,alpha,0.1,0,,
2006-08-31,0.019543586175296786,elastic_net,2005,-0.004170417104364527,alpha,0.1,0,,
2006-09-29,0.011615729579098302,elastic_net,2005,-0.008581313163986769,alpha,0.1,0,,
2006-10-31,0.036603079762381495,elastic_net,2005,-0.0027653857333281295,alpha,0.1,0,,
2006-11-30,0.03294070762347161,elastic_net,2005,0.009106164959758467,alpha,0.1,0,,
2006-12-29,0.003485362145777123,elastic_net,2005,-0.0024437822352977425,alpha,0.1,0,,
2007-01-31,0.03656782680554924,elastic_net,2006,0.018110724241766095,alpha,0.1,0,,
2007-02-28,-0.016546335596059666,elastic_net,2006,-0.003182348406361016,alpha,0.1,0,,
2007-03-30,0.002168114943853483,elastic_net,2006,-0.011633993241214672,alpha,0.1,0,,
2007-04-30,0.031558916913570725,elastic_net,2006,-0.005349299401081954,alpha,0.1,0,,
2007-05-31,0.03099388071649062,elastic_net,2006,-0.009379425847508626,alpha,0.1,0,,
2007-06-29,-0.025705197227380794,elastic_net,2006,-0.011136591162442564,alpha,0.1,0,,
2007-07-31,-0.027583713727169175,elastic_net,2006,0.004841465930696794,alpha,0.1,0,,
2007-08-31,0.019927686086856834,elastic_net,2006,0.0033803237965044433,alpha,0.1,0,,
2007-09-28,0.05569008660152745,elastic_net,2006,0.014556119109008565,alpha,0.1,0,,
2007-10-31,0.04042496102593539,elastic_net,2006,0.01606108585503233,alpha,0.1,0,,
2007-11-30,-0.05405508476695693,elastic_net,2006,-0.005801625524310405,alpha,0.1,0,,
2007-12-31,-0.007647117896541392,elastic_net,2006,-0.0041222265658071135,alpha,0.1,0,,
2008-01-31,-0.09314724822713578,elastic_net,2007,-0.021125684185347354,alpha,0.1,0,,
2008-02-29,-0.012450937192435807,elastic_net,2007,0.01637247777345841,alpha,0.1,0,,
2008-03-31,-0.01805431520023027,elastic_net,2007,-0.009590226799854957,alpha,0.1,0,,
2008-04-30,0.06860850300436908,elastic_net,2007,0.015565035475704377,alpha,0.1,0,,
2008-05-30,0.043325579587252264,elastic_net,2007,0.017558667734392394,alpha,0.1,0,,
2008-06-30,-0.05597191446377826,elastic_net,2007,0.024784672857476188,alpha,0.1,0,,
2008-07-31,-0.036364590224751615,elastic_net,2007,-0.028208553593621927,alpha,0.1,0,,
2008-08-29,0.0016393345081935522,elastic_net,2007,-0.01616731522861144,alpha,0.1,0,,
2008-09-30,-0.1264152078810667,elastic_net,2007,-0.023275426443132977,alpha,0.1,0,,
2008-10-31,-0.19174124402657702,elastic_net,2007,-0.010602514035225968,alpha,0.1,0,,
2008-11-28,-0.09661761094433705,elastic_net,2007,-0.012736917089235716,alpha,0.1,0,,
2008-12-31,0.026400097927285034,elastic_net,2007,0.001531279397092404,alpha,0.1,0,,
2009-01-30,-0.06380244830943277,elastic_net,2008,0.009871562597640077,alpha,0.1,0,,
2009-02-27,-0.08777780304505553,elastic_net,2008,0.010790072202548281,alpha,0.1,0,,
2009-03-31,0.08752978213177359,elastic_net,2008,-0.006837678575889766,alpha,0.1,0,,
2009-04-30,0.1289549373063339,elastic_net,2008,0.02300191854656826,alpha,0.1,0,,
2009-05-29,0.05611992953801335,elastic_net,2008,0.0022847266377685332,alpha,0.1,0,,
2009-06-30,-0.001992120888788331,elastic_net,2008,-0.012944484662720883,alpha,0.1,0,,
2009-07-31,0.07965661118663946,elastic_net,2008,0.007469631334829266,alpha,0.1,0,,
2009-08-31,0.03768563841472888,elastic_net,2008,0.01621630749803102,alpha,0.1,0,,
2009-09-30,0.05749413094486365,elastic_net,2008,0.014244642699712338,alpha,0.1,0,,
2009-10-30,-0.032158983072121776,elastic_net,2008,-0.0056562012114163215,alpha,0.1,0,,
2009-11-30,0.060215269557265964,elastic_net,2008,0.006061027112073555,alpha,0.1,0,,
2009-12-31,0.04435702010857775,elastic_net,2008,0.00835797331254512,alpha,0.1,0,,
2010-01-29,-0.05093287383499467,elastic_net,2009,-0.015743332169495146,alpha,0.1,0,,
2010-02-26,0.04001766972784972,elastic_net,2009,0.008658755177535234,alpha,0.1,0,,
2010-03-31,0.071051417701226,elastic_net,2009,0.008856772998816063,alpha,0.1,0,,
2010-04-30,0.02153599914430938,elastic_net,2009,0.00080408571511233,alpha,0.1,0,,
2010-05-28,-0.0721485011426864,elastic_net,2009,0.006559944252338676,alpha,0.1,0,,
2010-06-30,-0.05726781154246875,elastic_net,2009,-0.004286741355536784,alpha,0.1,0,,
2010-07-30,0.06569934270119707,elastic_net,2009,-0.0023622289718167044,alpha,0.1,0,,
2010-08-31,-0.04409126112710486,elastic_net,2009,0.004196545035752813,alpha,0.1,0,,
2010-09-30,0.11900391340187588,elastic_net,2009,0.014037077052774433,alpha,0.1,0,,
2010-10-29,0.04601056163027345,elastic_net,2009,0.0024934642129771437,alpha,0.1,0,,
2010-11-30,0.02463053059306395,elastic_net,2009,0.016643116749818703,alpha,0.1,0,,
2010-12-31,0.05996053029411777,elastic_net,2009,-0.003030029474034898,alpha,0.1,0,,
2011-01-31,0.0055067694343956305,elastic_net,2010,-0.010221198748492904,alpha,0.1,0,,
2011-02-28,0.045871109339472596,elastic_net,2010,0.01008161980875559,alpha,0.1,0,,
2011-03-31,0.0196402303432174,elastic_net,2010,0.01015804736828547,alpha,0.1,0,,
2011-04-29,0.03510118542842672,elastic_net,2010,0.002338695524547317,alpha,0.1,0,,
2011-05-31,-0.018050805112951398,elastic_net,2010,-0.007981314037582428,alpha,0.1,0,,
2011-06-30,-0.017871294527035952,elastic_net,2010,-0.0024041430700458295,alpha,0.1,0,,
2011-07-29,-0.023592238608895012,elastic_net,2010,-0.0014863727279682513,alpha,0.1,0,,
2011-08-31,-0.06378464810193624,elastic_net,2010,-0.0006544424721258296,alpha,0.1,0,,
2011-09-30,-0.097319544923425,elastic_net,2010,-0.01570457875003914,alpha,0.1,0,,
2011-10-31,0.12235291022498597,elastic_net,2010,-0.00010424072027255538,alpha,0.1,0,,
2011-11-30,-0.00692454770021358,elastic_net,2010,-0.0012426582628488605,alpha,0.1,0,,
2011-12-30,-0.024130794406427885,elastic_net,2010,-0.02528290758777367,alpha,0.1,0,,
2012-01-31,0.05411740734212414,elastic_net,2011,-0.0041144151295281275,alpha,0.1,0,,
2012-02-29,0.043900953726358806,elastic_net,2011,0.0008158953741762218,alpha,0.1,0,,
2012-03-30,0.026430945365866515,elastic_net,2011,-0.0027901005442005564,alpha,0.1,0,,
2012-04-30,-0.005303120412272745,elastic_net,2011,0.004652016250188226,alpha,0.1,0,,
2012-05-31,-0.06754162223086893,elastic_net,2011,-0.0002622151393917582,alpha,0.1,0,,
2012-06-29,0.03713214551808787,elastic_net,2011,-0.0029546526480190155,alpha,0.1,0,,
2012-07-31,0.005300836893853278,elastic_net,2011,0.0006953682655219907,alpha,0.1,0,,
2012-08-31,0.028084541552571604,elastic_net,2011,0.0005517312453201667,alpha,0.1,0,,
2012-09-28,0.024559601092059086,elastic_net,2011,-0.0002001419333033383,alpha,0.1,0,,
2012-10-31,-0.017778784598567805,elastic_net,2011,0.008832157606146439,alpha,0.1,0,,
2012-11-30,0.00794424060446237,elastic_net,2011,0.00013324735865475213,alpha,0.1,0,,
2012-12-31,0.016148873912483614,elastic_net,2011,0.005934931394693973,alpha,0.1,0,,
2013-01-31,0.05221205425868918,elastic_net,2012,-0.0022647969988628253,alpha,0.1,0,,
2013-02-28,0.007955084019128849,elastic_net,2012,-0.003871645590381643,alpha,0.1,0,,
2013-03-28,0.03590866605130028,elastic_net,2012,-0.004206008204583583,alpha,0.1,0,,
2013-04-30,0.011371737516426549,elastic_net,2012,-0.0006581475947791526,alpha,0.1,0,,
2013-05-31,0.029307112840242237,elastic_net,2012,-0.0018450423800440915,alpha,0.1,0,,
2013-06-28,-0.012209172712886834,elastic_net,2012,-0.00198089869207326,alpha,0.1,0,,
2013-07-31,0.06205767980539324,elastic_net,2012,0.0029845829451519076,alpha,0.1,0,,
2013-08-30,-0.01382675914859462,elastic_net,2012,0.007715208362402155,alpha,0.1,0,,
2013-09-30,0.05389582518249288,elastic_net,2012,0.008073404880028702,alpha,0.1,0,,
2013-10-31,0.03268909213286212,elastic_net,2012,-0.00495253673180597,alpha,0.1,0,,
2013-11-29,0.028733431540606334,elastic_net,2012,-0.004796109904638732,alpha,0.1,0,,
2013-12-31,0.033453259937925445,elastic_net,2012,0.005185680719316171,alpha,0.1,0,,
2014-01-31,-0.013908287810532603,elastic_net,2013,0.01361586834975617,alpha,0.1,0,,
2014-02-28,0.05417007918099281,elastic_net,2013,0.004378254888641339,alpha,0.1,0,,
2014-03-31,-0.024819685850392036,elastic_net,2013,-0.01898430853577885,alpha,0.1,0,,
2014-04-30,-0.028657170481381035,elastic_net,2013,-0.017916067205304767,alpha,0.1,0,,
2014-05-30,0.02445409068382882,elastic_net,2013,0.0037847149050291226,alpha,0.1,0,,
2014-06-30,0.037605620301595144,elastic_net,2013,0.002325914082777353,alpha,0.1,0,,
2014-07-31,-0.024907892438208918,elastic_net,2013,0.0022165590997981766,alpha,0.1,0,,
2014-08-29,0.044541991033258246,elastic_net,2013,-0.0014415897233069491,alpha,0.1,0,,
2014-09-30,-0.023406745197553126,elastic_net,2013,-0.000952844223617997,alpha,0.1,0,,
2014-10-31,0.03311261922586232,elastic_net,2013,0.0016415527779517075,alpha,0.1,0,,
2014-11-28,0.020083496436018658,elastic_net,2013,-0.005694999110274726,alpha,0.1,0,,
2014-12-31,-0.002414873064263779,elastic_net,2013,-0.0020660203391535347,alpha,0.1,0,,
2015-01-30,-0.019459287132220282,elastic_net,2014,0.0074913334090332614,alpha,0.1,0,,
2015-02-27,0.054864760415089836,elastic_net,2014,-0.013809739635830806,alpha,0.1,0,,
2015-03-31,-0.006200976439050016,elastic_net,2014,-0.00033659727490588116,alpha,0.1,0,,
2015-04-30,0.0013003037208178488,elastic_net,2014,-0.00042631028822261705,alpha,0.1,0,,
2015-05-29,0.019992138819005353,elastic_net,2014,0.0015787041045168433,alpha,0.1,0,,
2015-06-30,-0.016773587550440956,elastic_net,2014,-0.008127208519820189,alpha,0.1,0,,
2015-07-31,0.019123218673419786,elastic_net,2014,-0.0001237780545207262,alpha,0.1,0,,
2015-08-31,-0.061307264292499164,elastic_net,2014,0.005453582649492708,alpha,0.1,0,,
2015-09-30,-0.03597896089697602,elastic_net,2014,-0.001450114187469695,alpha,0.1,0,,
2015-10-30,0.07200235555496186,elastic_net,2014,-0.004169157085684452,alpha,0.1,0,,
2015-11-30,0.00586431713446646,elastic_net,2014,-0.0071306867361450674,alpha,0.1,0,,
2015-12-31,-0.017007354175143406,elastic_net,2014,0.006447834469654731,alpha,0.1,0,,
2016-01-29,-0.0746014719527207,elastic_net,2015,-0.0032250528909581883,alpha,0.1,0,,
2016-02-29,-0.007486512776529316,elastic_net,2015,-0.00398285413280036,alpha,0.1,0,,
2016-03-31,0.06633878413282081,elastic_net,2015,-0.005107485171950338,alpha,0.1,0,,
2016-04-29,0.01194065690982391,elastic_net,2015,0.006772859045493578,alpha,0.1,0,,
2016-05-31,0.022918056357177103,elastic_net,2015,-0.001297921322864843,alpha,0.1,0,,
2016-06-30,-0.013693399395501472,elastic_net,2015,-0.011712905411422269,alpha,0.1,0,,
2016-07-29,0.048326162385742756,elastic_net,2015,0.0017126137471729017,alpha,0.1,0,,
2016-08-31,0.009922414418075563,elastic_net,2015,0.004559048694034597,alpha,0.1,0,,
2016-09-30,0.0075044652679332,elastic_net,2015,0.0007544880745949424,alpha,0.1,0,,
2016-10-31,-0.02446427064370773,elastic_net,2015,0.005355375064485864,alpha,0.1,0,,
2016-11-30,0.040885587203432515,elastic_net,2015,-0.0029791461250891285,alpha,0.1,0,,
2016-12-30,0.010267528387436367,elastic_net,2015,-0.006321391271338503,alpha,0.1,0,,
2017-01-31,0.027651027346349884,elastic_net,2016,0.004456568879395897,alpha,0.1,0,,
2017-02-28,0.03138151314538388,elastic_net,2016,-0.007314644498483975,alpha,0.1,0,,
2017-03-31,0.007643402650256694,elastic_net,2016,5.5025948017976833e-05,alpha,0.1,0,,
2017-04-28,0.0172464937275856,elastic_net,2016,0.0006810147420976929,alpha,0.1,0,,
2017-05-31,0.0180439546001634,elastic_net,2016,0.0036691847602723475,alpha,0.1,0,,
2017-06-30,0.006419362061753502,elastic_net,2016,-0.004378956181799593,alpha,0.1,0,,
2017-07-31,0.02324079544773652,elastic_net,2016,0.004459572131872012,alpha,0.1,0,,
2017-08-31,0.005051864688542132,elastic_net,2016,-0.0019478049509283812,alpha,0.1,0,,
2017-09-29,0.0184525138889995,elastic_net,2016,-0.008270793053756553,alpha,0.1,0,,
2017-10-31,0.025250784851880606,elastic_net,2016,-0.0021771426813829327,alpha,0.1,0,,
2017-11-30,0.02286420533087259,elastic_net,2016,-0.009042322235671328,alpha,0.1,0,,
2017-12-29,-4.141135978761554e-05,elastic_net,2016,-0.006935231125569241,alpha,0.1,0,,
2018-01-31,0.07134874278523791,elastic_net,2017,0.013232713778004411,alpha,0.1,0,,
2018-02-28,-0.023982765028659175,elastic_net,2017,0.006522277538723999,alpha,0.1,0,,
2018-03-29,-0.01172497935489072,elastic_net,2017,0.006761733277686166,alpha,0.1,0,,
2018-04-30,0.002195216926525477,elastic_net,2017,-0.0010705460996389817,alpha,0.1,0,,
2018-05-31,0.04865511968009109,elastic_net,2017,0.008164739549800112,alpha,0.1,0,,
2018-06-29,0.012136268825604566,elastic_net,2017,0.003293963351241655,alpha,0.1,0,,
2018-07-31,0.01695304359614965,elastic_net,2017,-0.013770998635201065,alpha,0.1,0,,
2018-08-31,0.05423769684605749,elastic_net,2017,0.007586388692313921,alpha,0.1,0,,
2018-09-28,-0.0021280830585773285,elastic_net,2017,2.043815711066368e-05,alpha,0.1,0,,
2018-10-31,-0.09518931076660649,elastic_net,2017,-0.0029781884469822634,alpha,0.1,0,,
2018-11-30,0.013854910105567582,elastic_net,2017,-0.003569112303014696,alpha,0.1,0,,
2018-12-31,-0.08993362557573728,elastic_net,2017,0.008490401208595705,alpha,0.1,0,,
2019-01-31,0.10873078237930835,elastic_net,2018,0.013770456802813316,alpha,0.1,0,,
2019-02-28,0.04199903315638768,elastic_net,2018,-0.0023811404628858723,alpha,0.1,0,,
2019-03-29,0.016246195985829638,elastic_net,2018,0.001984776124755309,alpha,0.1,0,,
2019-04-30,0.03406898828798817,elastic_net,2018,-0.009119662045614721,alpha,0.1,0,,
2019-05-31,-0.04413142283560462,elastic_net,2018,0.0275316076193479,alpha,0.1,0,,
2019-06-28,0.058906559842616196,elastic_net,2018,-0.016472636582675386,alpha,0.1,0,,
2019-07-31,0.016649874778716642,elastic_net,2018,0.005417806040478158,alpha,0.1,0,,
2019-08-30,-0.011282429412164749,elastic_net,2018,0.011646298891318891,alpha,0.1,0,,
2019-09-30,-0.011516439500608325,elastic_net,2018,-0.01508941303979018,alpha,0.1,0,,
2019-10-31,0.02235275087032307,elastic_net,2018,-0.004333562085113679,alpha,0.1,0,,
2019-11-29,0.04319501548532188,elastic_net,2018,-0.00255455970590477,alpha,0.1,0,,
2019-12-31,0.014892593168374732,elastic_net,2018,-0.012212459597999367,alpha,0.1,0,,
2020-01-31,0.016500676791431964,elastic_net,2019,0.011163259734859536,alpha,0.1,0,,
2020-02-28,-0.06783178753797199,elastic_net,2019,0.006185455880627036,alpha,0.1,0,,
2020-03-31,-0.1441895214320859,elastic_net,2019,-0.009124429651529709,alpha,0.1,0,,
2020-04-30,0.1266441298526673,elastic_net,2019,-0.018486282733346848,alpha,0.1,0,,
2020-05-29,0.07192656438379726,elastic_net,2019,0.001712096726497303,alpha,0.1,0,,
2020-06-30,0.033250593763308495,elastic_net,2019,0.0047816033490036165,alpha,0.1,0,,
2020-07-31,0.057955318694396005,elastic_net,2019,0.002044990158246718,alpha,0.1,0,,
2020-08-31,0.052574902532130055,elastic_net,2019,-0.029422242366714466,alpha,0.1,0,,
2020-09-30,-0.02400877769613722,elastic_net,2019,0.006810288677328729,alpha,0.1,0,,
2020-10-30,-0.008412814511236256,elastic_net,2019,0.009940646881227817,alpha,0.1,0,,
2020-11-30,0.11592145277693164,elastic_net,2019,-0.016624232776902045,alpha,0.1,0,,
2020-12-31,0.05247699850786047,elastic_net,2019,-0.003305980584822385,alpha,0.1,0,,
2021-01-29,0.005257509459170144,elastic_net,2020,0.008864721817127639,alpha,0.1,0,,
2021-02-26,0.03811136496621106,elastic_net,2020,0.006933758347825461,alpha,0.1,0,,
2021-03-31,-0.012772553426014079,elastic_net,2020,-0.02920547517593356,alpha,0.1,0,,
2021-04-30,0.05616256622599158,elastic_net,2020,0.0033876305942557167,alpha,0.1,0,,
2021-05-28,-0.016791844634217325,elastic_net,2020,-0.008729870199989765,alpha,0.1,0,,
2021-06-30,0.047997046986588826,elastic_net,2020,0.010766825772809602,alpha,0.1,0,,
2021-07-30,0.004468839361412571,elastic_net,2020,-0.00509693939327078,alpha,0.1,0,,
2021-08-31,0.0285156370474478,elastic_net,2020,-0.004632089641615246,alpha,0.1,0,,
2021-09-30,-0.04443585919205174,elastic_net,2020,0.007371018312921251,alpha,0.1,0,,
2021-10-29,0.06535980774380291,elastic_net,2020,-0.0026577986859811914,alpha,0.1,0,,
2021-11-30,-0.03336135267816355,elastic_net,2020,-0.010488333568254012,alpha,0.1,0,,
2021-12-31,-0.0007667977312305571,elastic_net,2020,-0.020992357545860405,alpha,0.1,0,,
2022-01-31,-0.10306641204337566,elastic_net,2021,-0.008413748706201235,alpha,0.1,0,,
2022-02-28,-0.024886667734546987,elastic_net,2021,0.002995888988717575,alpha,0.1,0,,
2022-03-31,0.009218742426103049,elastic_net,2021,-0.016101493674325243,alpha,0.1,0,,
2022-04-29,-0.11521846656584163,elastic_net,2021,-0.0006147987624725432,alpha,0.1,0,,
2022-05-31,-0.02699766157537593,elastic_net,2021,-0.008502037451536548,alpha,0.1,0,,
2022-06-30,-0.08370074135891316,elastic_net,2021,-0.013145498221046853,alpha,0.1,0,,
2022-07-29,0.107046331079405,elastic_net,2021,-0.01065609465812832,alpha,0.1,0,,
2022-08-31,-0.03435059650968773,elastic_net,2021,0.00213841739554288,alpha,0.1,0,,
2022-09-30,-0.0957871455419692,elastic_net,2021,-0.0022792634918315513,alpha,0.1,0,,
2022-10-31,0.06481762016231433,elastic_net,2021,-0.0006337904237448538,alpha,0.1,0,,
2022-11-30,0.04619804918154685,elastic_net,2021,0.0072210845935145734,alpha,0.1,0,,
2022-12-30,-0.0657731367108629,elastic_net,2021,0.005931482012393699,alpha,0.1,0,,
2023-01-31,0.07501595200259754,elastic_net,2022,-0.013487596974215532,alpha,0.1,0,,
2023-02-28,-0.02069292013264212,elastic_net,2022,-0.0016978216925119909,alpha,0.1,0,,
2023-03-31,-0.009100156834520506,elastic_net,2022,-0.04146325511121806,alpha,0.1,0,,
2023-04-28,-0.0008835052495077273,elastic_net,2022,-0.0019914643727746636,alpha,0.1,0,,
2023-05-31,-0.01158300915663681,elastic_net,2022,-0.03880578658104004,alpha,0.1,0,,
2023-06-30,0.07402478700491233,elastic_net,2022,-0.00035004925668219444,alpha,0.1,0,,
2023-07-31,0.04366317934740807,elastic_net,2022,0.007596389829974418,alpha,0.1,0,,
2023-08-31,-0.022266025928131494,elastic_net,2022,-0.0029303506089896902,alpha,0.1,0,,
2023-09-29,-0.043288193468754795,elastic_net,2022,0.008756211749508053,alpha,0.1,0,,
2023-10-31,-0.045227744602483425,elastic_net,2022,-0.013192126480448638,alpha,0.1,0,,
2023-11-30,0.09029841961439825,elastic_net,2022,-0.006736251858208878,alpha,0.1,0,,
2023-12-29,0.0668933929703982,elastic_net,2022,0.010089283240108021,alpha,0.1,0,,
2024-01-31,0.02480605596532734,elastic_net,2023,0.015533189868005292,alpha,0.1,0,,
2024-02-29,0.07359813390416461,elastic_net,2023,0.010347376505154805,alpha,0.1,0,,
2024-03-28,0.02242112299164662,elastic_net,2023,-0.0033686415986014795,alpha,0.1,0,,
2024-04-30,-0.049420661035301745,elastic_net,2023,-0.0038102969304872683,alpha,0.1,0,,
2024-05-31,0.05337550332216842,elastic_net,2023,-0.001958784978934869,alpha,0.1,0,,
2024-06-28,0.05600293009789246,elastic_net,2023,0.022026615422108084,alpha,0.1,0,,
2024-07-31,-0.012965590997190142,elastic_net,2023,-0.03438885396479069,alpha,0.1,0,,
2024-08-30,0.023042467783481985,elastic_net,2023,0.006531348396707253,alpha,0.1,0,,
2024-09-30,0.023630693522445095,elastic_net,2023,-3.62978528146464e-05,alpha,0.1,0,,
2024-10-31,0.0006523852138531392,elastic_net,2023,0.01027279655385886,alpha,0.1,0,,
2024-11-29,0.07448300485322112,elastic_net,2023,-0.006188141667664501,alpha,0.1,0,,
2024-12-31,-0.011836605988162805,elastic_net,2023,0.01701635131231971,alpha,0.1,0,,
2025-01-31,0.03709709390072412,elastic_net,2024,0.0008994644415836403,alpha,0.1,0,,
2025-02-28,-0.03468623796751539,elastic_net,2024,0.0035049157763402256,alpha,0.1,0,,
2025-03-31,-0.07770288855314453,elastic_net,2024,-0.011146139355648454,alpha,0.1,0,,
2025-04-30,0.013035475955538854,elastic_net,2024,0.01145880013840991,alpha,0.1,0,,
2025-05-30,0.09006995418223716,elastic_net,2024,0.027086003747801235,alpha,0.1,0,,
2025-06-30,0.06598797922808132,elastic_net,2024,0.013161190331606086,alpha,0.1,0,,
2025-07-31,0.029512942062628056,elastic_net,2024,0.0008457327190691359,alpha,0.1,0,,
2025-08-29,0.015683287059440106,elastic_net,2024,-0.005209569787775642,alpha,0.1,0,,
2025-09-30,0.039957523853980395,elastic_net,2024,-0.0013577290024649816,alpha,0.1,0,,
2025-10-31,0.02259312815081461,elastic_net,2024,-0.0113232462738659,alpha,0.1,0,,
2025-11-28,-0.01745938056837329,elastic_net,2024,-0.015796090598960238,alpha,0.1,0,,
2025-12-31,0.004287351797148143,elastic_net,2024,0.007949793681310647,alpha,0.1,0,,
1991-01-31,0.09181889970700102,ols,1990,0.02779347559691344,alpha,0.1,0,,
1991-02-28,0.0916399506827318,ols,1990,0.007953850831095885,alpha,0.1,0,,
1991-03-28,0.056802522605182135,ols,1990,0.018532080514392174,alpha,0.1,0,,
1991-04-30,-0.009168517950787663,ols,1990,-0.008421402706015064,alpha,0.1,0,,
1991-05-31,0.05663915595946804,ols,1990,0.010308389777374284,alpha,0.1,0,,
1991-06-28,-0.05734427276275106,ols,1990,-0.0076124662677711785,alpha,0.1,0,,
1991-07-31,0.06866459323836861,ols,1990,0.017137186897851153,alpha,0.1,0,,
1991-08-30,0.04343117212734557,ols,1990,0.012509315399464847,alpha,0.1,0,,
1991-09-30,0.005131896101616201,ols,1990,0.013702422062193482,alpha,0.1,0,,
1991-10-31,0.03365227629812758,ols,1990,0.013773330392361536,alpha,0.1,0,,
1991-11-29,-0.036382031073313906,ols,1990,0.0020662425182605,alpha,0.1,0,,
1991-12-31,0.14342971761839127,ols,1990,0.019860661236529048,alpha,0.1,0,,
1992-01-31,0.014566473976774743,ols,1991,0.020571918679692873,alpha,0.1,0,,
1992-02-28,0.01756829181218692,ols,1991,0.01353114135287714,alpha,0.1,0,,
1992-03-31,-0.030909078700985967,ols,1991,0.000793000796408018,alpha,0.1,0,,
1992-04-30,-0.008690177851771258,ols,1991,-0.00951840909413201,alpha,0.1,0,,
1992-05-29,0.008511600873323203,ols,1991,0.004174271141955644,alpha,0.1,0,,
1992-06-30,-0.021252163360241324,ols,1991,0.006998710257742586,alpha,0.1,0,,
1992-07-31,0.03986873552226154,ols,1991,-0.003711378667975246,alpha,0.1,0,,
1992-08-31,-0.022436261198577914,ols,1991,-0.0025639324597104933,alpha,0.1,0,,
1992-09-30,0.03059464166938884,ols,1991,0.01451134128186429,alpha,0.1,0,,
1992-10-30,0.028552988369893544,ols,1991,0.010719471474489827,alpha,0.1,0,,
1992-11-30,0.05209501891484313,ols,1991,-0.000433704454772553,alpha,0.1,0,,
1992-12-31,0.025185088451704384,ols,1991,0.009246155821097788,alpha,0.1,0,,
1993-01-29,0.005904100107873962,ols,1992,0.0030073305869352993,alpha,0.1,0,,
1993-02-26,-0.03432533128002268,ols,1992,-0.021669016105564,alpha,0.1,0,,
1993-03-31,0.023645981053611372,ols,1992,-0.000513441124319336,alpha,0.1,0,,
1993-04-30,-0.03232021558166672,ols,1992,0.0013447221061633693,alpha,0.1,0,,
1993-05-28,0.028963327832918315,ols,1992,-0.01032122771973247,alpha,0.1,0,,
1993-06-30,0.002448253620216561,ols,1992,0.0010816256862488537,alpha,0.1,0,,
1993-07-30,-0.0008206626452555059,ols,1992,0.005310762367941823,alpha,0.1,0,,
1993-08-31,0.03610821527140358,ols,1992,-0.005421869256859203,alpha,0.1,0,,
1993-09-30,0.014445754028430133,ols,1992,0.010217134877651851,alpha,0.1,0,,
1993-10-29,0.005541477617901336,ols,1992,-0.014703884170130362,alpha,0.1,0,,
1993-11-30,-0.022447927300108857,ols,1992,-0.0062094235348844375,alpha,0.1,0,,
1993-12-31,0.03266834757945276,ols,1992,0.012275376584186697,alpha,0.1,0,,
1994-01-31,0.026428726193677886,ols,1993,-0.0029393723215187448,alpha,0.1,0,,
1994-02-28,-0.020958324896574197,ols,1993,-0.001020119603525091,alpha,0.1,0,,
1994-03-31,-0.04595380094143144,ols,1993,0.006185906047730019,alpha,0.1,0,,
1994-04-29,0.002232030932068145,ols,1993,-0.0027620769781532906,alpha,0.1,0,,
1994-05-31,0.004073112831114242,ols,1993,-0.0013719059922497386,alpha,0.1,0,,
1994-06-30,-0.03744013342690695,ols,1993,-0.0038415530873409723,alpha,0.1,0,,
1994-07-29,0.03028542551669522,ols,1993,0.00023275965452773661,alpha,0.1,0,,
1994-08-31,0.049850205808351075,ols,1993,-0.0016721382945675545,alpha,0.1,0,,
1994-09-30,-0.010227473921729206,ols,1993,0.007405610707958671,alpha,0.1,0,,
1994-10-31,0.0124866801164101,ols,1993,-0.006713351757601942,alpha,0.1,0,,
1994-11-30,-0.04285085065563495,ols,1993,-0.0062772276320812725,alpha,0.1,0,,
1994-12-30,0.013687988234238417,ols,1993,0.0008408672629252427,alpha,0.1,0,,
1995-01-31,0.017076402268312703,ols,1994,-0.001408756173491314,alpha,0.1,0,,
1995-02-28,0.0373089518673006,ols,1994,-0.003254021805417423,alpha,0.1,0,,
1995-03-31,0.034421763538564146,ols,1994,0.005314927693115305,alpha,0.1,0,,
1995-04-28,0.011279577123188857,ols,1994,-0.011564599173471298,alpha,0.1,0,,
1995-05-31,0.03359290052803031,ols,1994,0.002515019332359307,alpha,0.1,0,,
1995-06-30,0.04435787367690862,ols,1994,0.00232676185369754,alpha,0.1,0,,
1995-07-31,0.05381003810811816,ols,1994,0.004923699148137874,alpha,0.1,0,,
1995-08-31,0.020567017885706022,ols,1994,0.013887439946398,alpha,0.1,0,,
1995-09-29,0.03777820099528152,ols,1994,0.0006909024510500239,alpha,0.1,0,,
1995-10-31,-0.022342735911065982,ols,1994,-0.008579078939126447,alpha,0.1,0,,
1995-11-30,0.0426794941638003,ols,1994,0.00014171357161667925,alpha,0.1,0,,
1995-12-29,0.01363385682297048,ols,1994,0.0017986502205008656,alpha,0.1,0,,
1996-01-31,0.01743496207727648,ols,1995,-0.004214815372390204,alpha,0.1,0,,
1996-02-29,0.030738698240332058,ols,1995,0.007616613236183987,alpha,0.1,0,,
1996-03-29,0.008141878038902732,ols,1995,-0.0050127322723905595,alpha,0.1,0,,
1996-04-30,0.046774652887694466,ols,1995,0.009652100087580447,alpha,0.1,0,,
1996-05-31,0.02294208607925126,ols,1995,-0.009764893916022699,alpha,0.1,0,,
1996-06-28,-0.027537500412733652,ols,1995,-0.011384783804291511,alpha,0.1,0,,
1996-07-31,-0.07162865914052653,ols,1995,-0.00032452986876709,alpha,0.1,0,,
1996-08-30,0.05011873926559614,ols,1995,0.010457429761915105,alpha,0.1,0,,
1996-09-30,0.0633224646991633,ols,1995,0.0018437301538559853,alpha,0.1,0,,
1996-10-31,-0.006030913320528461,ols,1995,-0.005908958183683796,alpha,0.1,0,,
1996-11-29,0.05565573224395482,ols,1995,-0.009127910724837728,alpha,0.1,0,,
1996-12-31,-0.014089296062571728,ols,1995,0.0004190489662340424,alpha,0.1,0,,
1997-01-31,0.044300428406638316,ols,1996,-0.011870434184338446,alpha,0.1,0,,
1997-02-28,-0.02722686245942366,ols,1996,-0.012082716224352863,alpha,0.1,0,,
1997-03-31,-0.05026626097692406,ols,1996,0.0042208990883044264,alpha,0.1,0,,
1997-04-30,0.01691284661479715,ols,1996,-0.02571717016578315,alpha,0.1,0,,
1997-05-30,0.09350175063644245,ols,1996,0.00611782467681013,alpha,0.1,0,,
1997-06-30,0.038811849023827984,ols,1996,-0.005878716726713237,alpha,0.1,0,,
1997-07-31,0.07716654498643262,ols,1996,-0.00487253118308309,alpha,0.1,0,,
1997-08-29,-0.011216727792353946,ols,1996,0.02236378727522914,alpha,0.1,0,,
1997-09-30,0.06749403863340236,ols,1996,0.0040594994794387815,alpha,0.1,0,,
1997-10-31,-0.04538040853597468,ols,1996,-0.0035430112824099552,alpha,0.1,0,,
1997-11-28,0.0054962396278867105,ols,1996,-0.020601540050242874,alpha,0.1,0,,
1997-12-31,0.006287753337272538,ols,1996,-0.0036924230706647564,alpha,0.1,0,,
1998-01-30,-0.0035152623895942404,ols,1997,-0.010905569209712062,alpha,0.1,0,,
1998-02-27,0.08124539044695238,ols,1997,-0.0009026511235404044,alpha,0.1,0,,
1998-03-31,0.044342632303360816,ols,1997,-0.007463768205220739,alpha,0.1,0,,
1998-04-30,0.010197056026604829,ols,1997,-0.001762796673409451,alpha,0.1,0,,
1998-05-29,-0.0384824411162838,ols,1997,-0.0005693329361535285,alpha,0.1,0,,
1998-06-30,0.024860233180448995,ols,1997,-0.017291843139809845,alpha,0.1,0,,
1998-07-31,-0.04063006551002832,ols,1997,-0.016182430488671483,alpha,0.1,0,,
1998-08-31,-0.17944334459519562,ols,1997,0.0006660530319673452,alpha,0.1,0,,
1998-09-30,0.06524953065557995,ols,1997,-0.011980519709439759,alpha,0.1,0,,
1998-10-30,0.07021032082355702,ols,1997,-0.004834251681798699,alpha,0.1,0,,
1998-11-30,0.0629730593247016,ols,1997,-0.009224278172212073,alpha,0.1,0,,
1998-12-31,0.07251961883400039,ols,1997,-0.0045533625691235174,alpha,0.1,0,,
1999-01-29,0.05497458930719767,ols,1998,-5.5069179234340515e-05,alpha,0.1,0,,
1999-02-26,-0.0515940286172378,ols,1998,-0.0007745460788385894,alpha,0.1,0,,
1999-03-31,0.05619592194086232,ols,1998,0.013027209262331661,alpha,0.1,0,,
1999-04-30,0.0255035026053606,ols,1998,-0.023004914299260167,alpha,0.1,0,,
1999-05-28,-0.015693159053619846,ols,1998,0.011982770925076765,alpha,0.1,0,,
1999-06-30,0.06953877843538503,ols,1998,0.006193803528339384,alpha,0.1,0,,
1999-07-30,-0.024374061314362157,ols,1998,0.011031658390513992,alpha,0.1,0,,
1999-08-31,-0.005206023971843162,ols,1998,0.005032683630118884,alpha,0.1,0,,
1999-09-30,-0.011528984658676081,ols,1998,0.0060070741729627355,alpha,0.1,0,,
1999-10-29,0.06497689625476138,ols,1998,-0.0023314270671201953,alpha,0.1,0,,
1999-11-30,0.06604005883031991,ols,1998,0.01178968628169002,alpha,0.1,0,,
1999-12-31,0.12118586836125311,ols,1998,0.012291101447859859,alpha,0.1,0,,
2000-01-31,-0.037695038192323185,ols,1999,0.007848179985130578,alpha,0.1,0,,
2000-02-29,0.04156033381733545,ols,1999,-0.022146740497905465,alpha,0.1,0,,
2000-03-31,0.07138044498859496,ols,1999,0.03637967713465179,alpha,0.1,0,,
2000-04-28,-0.04456705735100853,ols,1999,0.03953390127506899,alpha,0.1,0,,
2000-05-31,-0.042632433119152664,ols,1999,0.010137430316711084,alpha,0.1,0,,
2000-06-30,0.05103347425284612,ols,1999,-0.026658509719267268,alpha,0.1,0,,
2000-07-31,-0.018536504335510982,ols,1999,0.018970386149123344,alpha,0.1,0,,
2000-08-31,0.0804825027141238,ols,1999,0.002222201803086382,alpha,0.1,0,,
2000-09-29,-0.06283518916364479,ols,1999,0.0060870201401961865,alpha,0.1,0,,
2000-10-31,-0.026688706037631404,ols,1999,0.014102439025180276,alpha,0.1,0,,
2000-11-30,-0.10872386129593864,ols,1999,0.029070992325858136,alpha,0.1,0,,
2000-12-29,0.0048184952100800375,ols,1999,0.0016811373859187048,alpha,0.1,0,,
2001-01-31,0.042351337685090626,ols,2000,-0.015254312038766121,alpha,0.1,0,,
2001-02-28,-0.14178002454951352,ols,2000,-0.012989287437209868,alpha,0.1,0,,
2001-03-30,-0.09046718636111839,ols,2000,-0.007153930252750476,alpha,0.1,0,,
2001-04-30,0.10913507718246285,ols,2000,0.012439865615563553,alpha,0.1,0,,
2001-05-31,-0.005622012999439422,ols,2000,-0.01159940901879925,alpha,0.1,0,,
2001-06-29,-0.022999583508628553,ols,2000,-0.014161588740560706,alpha,0.1,0,,
2001-07-31,-0.030071763659117155,ols,2000,0.0036127367855234294,alpha,0.1,0,,
2001-08-31,-0.07865323936717056,ols,2000,-0.0027560176697811467,alpha,0.1,0,,
2001-09-28,-0.1126620601257848,ols,2000,-0.007115745333157841,alpha,0.1,0,,
2001-10-31,0.050974309815950955,ols,2000,0.0032215369819265996,alpha,0.1,0,,
2001-11-30,0.09581330403545182,ols,2000,0.015302092940088136,alpha,0.1,0,,
2001-12-31,0.010354987429576693,ols,2000,-0.011044246596163562,alpha,0.1,0,,
2002-01-31,-0.02279708898328794,ols,2001,-0.0004247742935701154,alpha,0.1,0,,
2002-02-28,-0.044916869947121595,ols,2001,-0.009242427188155808,alpha,0.1,0,,
2002-03-28,0.0449869705587588,ols,2001,-0.00169927456973884,alpha,0.1,0,,
2002-04-30,-0.06887775623855413,ols,2001,-0.007097376973604352,alpha,0.1,0,,
2002-05-31,-0.012143714501041966,ols,2001,0.009175185586273879,alpha,0.1,0,,
2002-06-28,-0.08771979780451847,ols,2001,-0.01115921350568043,alpha,0.1,0,,
2002-07-31,-0.07980119866886302,ols,2001,0.003827152357190916,alpha,0.1,0,,
2002-08-30,0.003327501647034337,ols,2001,-0.000607685097910134,alpha,0.1,0,,
2002-09-30,-0.10242089204684052,ols,2001,-0.00010123328726413527,alpha,0.1,0,,
2002-10-31,0.08851888087446856,ols,2001,0.004870082834155687,alpha,0.1,0,,
2002-11-29,0.062401042523413594,ols,2001,0.001312106193814673,alpha,0.1,0,,
2002-12-31,-0.07200823890579397,ols,2001,-0.012307959746279677,alpha,0.1,0,,
2003-01-31,-0.019496141983662556,ols,2002,0.005422354995673291,alpha,0.1,0,,
2003-02-28,-0.011856145512256899,ols,2002,0.005004194296737251,alpha,0.1,0,,
2003-03-31,0.015594743574861148,ols,2002,-0.00046601111876502614,alpha,0.1,0,,
2003-04-30,0.07792207392514042,ols,2002,-0.00711733949907678,alpha,0.1,0,,
2003-05-30,0.06525776178787769,ols,2002,0.0016357307935748189,alpha,0.1,0,,
2003-06-30,0.012924741521964385,ols,2002,-0.004296750432622138,alpha,0.1,0,,
2003-07-31,0.03370850310414614,ols,2002,0.004815789247280114,alpha,0.1,0,,
2003-08-29,0.031460988749522065,ols,2002,0.009266464375737988,alpha,0.1,0,,
2003-09-30,-0.019382698830058186,ols,2002,-0.006630649403135146,alpha,0.1,0,,
2003-10-31,0.06688897689554647,ols,2002,0.005579860243985803,alpha,0.1,0,,
2003-11-28,0.014596780905233826,ols,2002,0.0027590418007178066,alpha,0.1,0,,
2003-12-31,0.02695354959129595,ols,2002,-0.013028024111524029,alpha,0.1,0,,
2004-01-30,0.018969496758806107,ols,2003,0.0007217712859769118,alpha,0.1,0,,
2004-02-27,0.006642108441058812,ols,2003,-0.007739994279172914,alpha,0.1,0,,
2004-03-31,-0.006409892618770092,ols,2003,0.004130009131182389,alpha,0.1,0,,
2004-04-30,-0.03529555412343358,ols,2003,-0.022365483765401303,alpha,0.1,0,,
2004-05-28,0.02445260830261595,ols,2003,0.01124727525003548,alpha,0.1,0,,
2004-06-30,0.014832601223373819,ols,2003,-0.005936426936089673,alpha,0.1,0,,
2004-07-30,-0.06317653481862212,ols,2003,-0.017072625276820796,alpha,0.1,0,,
2004-08-31,-0.006835071526167718,ols,2003,-0.008246951761285528,alpha,0.1,0,,
2004-09-30,0.03067740660792328,ols,2003,0.007122175638174771,alpha,0.1,0,,
2004-10-29,0.01810195394068374,ols,2003,0.00236244150439803,alpha,0.1,0,,
2004-11-30,0.049082704288973454,ols,2003,-0.0012767871682366413,alpha,0.1,0,,
2004-12-31,0.03629633640371179,ols,2003,-0.0005793661574283113,alpha,0.1,0,,
2005-01-31,-0.03307636119998747,ols,2004,-0.0042726408201870306,alpha,0.1,0,,
2005-02-28,0.022196640579251494,ols,2004,0.002914149718952194,alpha,0.1,0,,
2005-03-31,-0.01594662181270889,ols,2004,0.00762719750420128,alpha,0.1,0,,
2005-04-29,-0.015400404547525585,ols,2004,0.011546382784999584,alpha,0.1,0,,
2005-05-31,0.04402771082635837,ols,2004,0.0010855334657776036,alpha,0.1,0,,
2005-06-30,0.026189056363749685,ols,2004,0.018083720508845432,alpha,0.1,0,,
2005-07-29,0.05408691213404728,ols,2004,0.006431109524920563,alpha,0.1,0,,
2005-08-31,-0.0024001948339339428,ols,2004,0.009134291041425425,alpha,0.1,0,,
2005-09-30,0.01937734646343124,ols,2004,0.011627314065639653,alpha,0.1,0,,
2005-10-31,-0.02656682306558712,ols,2004,-0.008612061256272542,alpha,0.1,0,,
2005-11-30,0.0398532742973034,ols,2004,-0.004729878530414899,alpha,0.1,0,,
2005-12-30,0.0071932309319701305,ols,2004,0.007180943659147752,alpha,0.1,0,,
2006-01-31,0.0464869794756475,ols,2005,0.007469874851212602,alpha,0.1,0,,
2006-02-28,-0.018077694791491582,ols,2005,-0.015431967798248972,alpha,0.1,0,,
2006-03-31,0.018254666155446176,ols,2005,-0.0032064571622221223,alpha,0.1,0,,
2006-04-28,0.011971419425299206,ols,2005,0.004358278010584249,alpha,0.1,0,,
2006-05-31,-0.042752839414813004,ols,2005,-0.002380590798176048,alpha,0.1,0,,
2006-06-30,-0.0023486286195969386,ols,2005,-0.0014752428529845388,alpha,0.1,0,,
2006-07-31,-0.012748694418037504,ols,2005,-0.001114340009431749,alpha,0.1,0,,
2006-08-31,0.019135569251532304,ols,2005,-0.005895136314035366,alpha,0.1,0,,
2006-09-29,0.012572239136048314,ols,2005,-0.008507332860062524,alpha,0.1,0,,
2006-10-31,0.03588199863763163,ols,2005,-0.003029716373314638,alpha,0.1,0,,
2006-11-30,0.028977181248884452,ols,2005,0.00558507704854273,alpha,0.1,0,,
2006-12-29,0.006627322430753299,ols,2005,0.00021794972994571525,alpha,0.1,0,,
2007-01-31,0.03374130112477305,ols,2006,0.01489126872141644,alpha,0.1,0,,
2007-02-28,-0.01841877998320898,ols,2006,-0.004096551696261514,alpha,0.1,0,,
2007-03-30,-0.00074133273220632,ols,2006,-0.01448725782940314,alpha,0.1,0,,
2007-04-30,0.03267312516373747,ols,2006,-0.006102276364685501,alpha,0.1,0,,
2007-05-31,0.030368745843241972,ols,2006,-0.009720723392586863,alpha,0.1,0,,
2007-06-29,-0.026062352324392267,ols,2006,-0.011212199231400658,alpha,0.1,0,,
2007-07-31,-0.030120904756852442,ols,2006,0.000691462789769455,alpha,0.1,0,,
2007-08-31,0.01995719396066009,ols,2006,0.0027740591327670185,alpha,0.1,0,,
2007-09-28,0.05307027180568656,ols,2006,0.010862200875094777,alpha,0.1,0,,
2007-10-31,0.03458339381834954,ols,2006,0.009278796702666563,alpha,0.1,0,,
2007-11-30,-0.052820883224851484,ols,2006,-0.0054956087935892,alpha,0.1,0,,
2007-12-31,-0.010685030020557037,ols,2006,-0.0066981721628497255,alpha,0.1,0,,
2008-01-31,-0.08662446878116097,ols,2007,-0.013803868380861797,alpha,0.1,0,,
2008-02-29,-0.013591555835876004,ols,2007,0.01543765078660124,alpha,0.1,0,,
2008-03-31,-0.014110919751735085,ols,2007,-0.005284270519930821,alpha,0.1,0,,
2008-04-30,0.06716808534167744,ols,2007,0.013947491047660764,alpha,0.1,0,,
2008-05-30,0.03887654234770839,ols,2007,0.01405875540703861,alpha,0.1,0,,
2008-06-30,-0.06364226645017391,ols,2007,0.018500256169448198,alpha,0.1,0,,
2008-07-31,-0.02890238233796409,ols,2007,-0.018095443309679597,alpha,0.1,0,,
2008-08-29,0.006479743947923602,ols,2007,-0.009555386732427576,alpha,0.1,0,,
2008-09-30,-0.12214428048678933,ols,2007,-0.016927754356106883,alpha,0.1,0,,
2008-10-31,-0.19229067613404952,ols,2007,-0.011724707992094935,alpha,0.1,0,,
2008-11-28,-0.09583798080136488,ols,2007,-0.015015104652690722,alpha,0.1,0,,
2008-12-31,0.024843349379653,ols,2007,0.0019290677732007322,alpha,0.1,0,,
2009-01-30,-0.06176901311274465,ols,2008,0.009345856548363764,alpha,0.1,0,,
2009-02-27,-0.0835125745633306,ols,2008,0.01409692938035556,alpha,0.1,0,,
2009-03-31,0.09251427698701556,ols,2008,-0.0011019799100935451,alpha,0.1,0,,
2009-04-30,0.12698585245071498,ols,2008,0.024893916243756295,alpha,0.1,0,,
2009-05-29,0.05691371019312661,ols,2008,0.0022547392118624915,alpha,0.1,0,,
2009-06-30,-0.002517521836865388,ols,2008,-0.013134236469552422,alpha,0.1,0,,
2009-07-31,0.08131658933014424,ols,2008,0.009700288304552343,alpha,0.1,0,,
2009-08-31,0.03613200035454221,ols,2008,0.014822152191230079,alpha,0.1,0,,
2009-09-30,0.057788831351234214,ols,2008,0.015763554502966078,alpha,0.1,0,,
2009-10-30,-0.03097172169214032,ols,2008,-0.006660981260716899,alpha,0.1,0,,
2009-11-30,0.06003703114069018,ols,2008,0.004076429346181784,alpha,0.1,0,,
2009-12-31,0.044192897185867025,ols,2008,0.010933356006362471,alpha,0.1,0,,
2010-01-29,-0.04997743044786443,ols,2009,-0.01447582351872636,alpha,0.1,0,,
2010-02-26,0.03880019925410144,ols,2009,0.008112425113447553,alpha,0.1,0,,
2010-03-31,0.06849474528959591,ols,2009,0.0064937871624515045,alpha,0.1,0,,
2010-04-30,0.022187840542511966,ols,2009,0.003832322172653533,alpha,0.1,0,,
2010-05-28,-0.07326004500051769,ols,2009,0.005802856249805255,alpha,0.1,0,,
2010-06-30,-0.057241526802920904,ols,2009,-0.005544272756890754,alpha,0.1,0,,
2010-07-30,0.06634704256827932,ols,2009,-0.0030913222205442153,alpha,0.1,0,,
2010-08-31,-0.04266439092214863,ols,2009,0.00476128743993081,alpha,0.1,0,,
2010-09-30,0.11753685627865494,ols,2009,0.012565265065136097,alpha,0.1,0,,
2010-10-29,0.04634398823445838,ols,2009,0.002476178506071472,alpha,0.1,0,,
2010-11-30,0.021832148783989716,ols,2009,0.01469268337352471,alpha,0.1,0,,
2010-12-31,0.05860695243847634,ols,2009,-0.005043658912706306,alpha,0.1,0,,
2011-01-31,0.007596366753395397,ols,2010,-0.009589365738350928,alpha,0.1,0,,
2011-02-28,0.044252492084300654,ols,2010,0.008757851130800236,alpha,0.1,0,,
2011-03-31,0.016500559181837425,ols,2010,0.007932923444543116,alpha,0.1,0,,
2011-04-29,0.035283568551322295,ols,2010,0.0018089056254311647,alpha,0.1,0,,
2011-05-31,-0.017974129734489967,ols,2010,-0.00791966988977273,alpha,0.1,0,,
2011-06-30,-0.018847502105310932,ols,2010,-0.0025561663925530997,alpha,0.1,0,,
2011-07-29,-0.02095370444177691,ols,2010,0.0014494345686731913,alpha,0.1,0,,
2011-08-31,-0.0633909781898811,ols,2010,-0.0013592687487864671,alpha,0.1,0,,
2011-09-30,-0.099415933595282,ols,2010,-0.018996288027399097,alpha,0.1,0,,
2011-10-31,0.12154293695869586,ols,2010,-0.00035386224064781757,alpha,0.1,0,,
2011-11-30,-0.005434255455256361,ols,2010,-0.0002881342272467117,alpha,0.1,0,,
2011-12-30,-0.024189080476184992,ols,2010,-0.025883120448184388,alpha,0.1,0,,
2012-01-31,0.05723577173642135,ols,2011,-0.0004112476384617869,alpha,0.1,0,,
2012-02-29,0.04469968347735802,ols,2011,0.0005177561878444009,alpha,0.1,0,,
2012-03-30,0.024759269244841085,ols,2011,-0.00497507668955709,alpha,0.1,0,,
2012-04-30,-0.006368092155296354,ols,2011,0.0031394341645033354,alpha,0.1,0,,
2012-05-31,-0.06949618869516494,ols,2011,-0.0025227373604915365,alpha,0.1,0,,
2012-06-29,0.037067829297628675,ols,2011,-0.0030629280155962113,alpha,0.1,0,,
2012-07-31,0.00501345912740099,ols,2011,-0.0009227247097792386,alpha,0.1,0,,
2012-08-31,0.029227653418676256,ols,2011,0.002114651623945401,alpha,0.1,0,,
2012-09-28,0.024864222593470035,ols,2011,-0.00011482084635431114,alpha,0.1,0,,
2012-10-31,-0.01984705783572869,ols,2011,0.0064155816906936065,alpha,0.1,0,,
2012-11-30,0.007165188686137857,ols,2011,-0.0009645818615561467,alpha,0.1,0,,
2012-12-31,0.01556189114092149,ols,2011,0.006575736136932551,alpha,0.1,0,,
2013-01-31,0.0520567713504189,ols,2012,-0.0031702005137489997,alpha,0.1,0,,
2013-02-28,0.007800831164489551,ols,2012,-0.004472683527446575,alpha,0.1,0,,
2013-03-28,0.03482216020418346,ols,2012,-0.005731717184073955,alpha,0.1,0,,
2013-04-30,0.011583865262843593,ols,2012,-0.0016479156175255132,alpha,0.1,0,,
2013-05-31,0.028911441099913306,ols,2012,-0.0007551016808913964,alpha,0.1,0,,
2013-06-28,-0.011854014142590946,ols,2012,-0.0008068644945882116,alpha,0.1,0,,
2013-07-31,0.06192727714511046,ols,2012,0.002992571735326556,alpha,0.1,0,,
2013-08-30,-0.014336246598529633,ols,2012,0.007554856752122672,alpha,0.1,0,,
2013-09-30,0.05356011521897797,ols,2012,0.008743298037587943,alpha,0.1,0,,
2013-10-31,0.0338224481106541,ols,2012,-0.004628969624095813,alpha,0.1,0,,
2013-11-29,0.02916600520429833,ols,2012,-0.003907727467232912,alpha,0.1,0,,
2013-12-31,0.03298055227155805,ols,2012,0.004167623349249725,alpha,0.1,0,,
2014-01-31,-0.017617147314309682,ols,2013,0.01011609710647476,alpha,0.1,0,,
2014-02-28,0.05453181091105308,ols,2013,0.004442077132119568,alpha,0.1,0,,
2014-03-31,-0.022759523073226984,ols,2013,-0.016726353722562336,alpha,0.1,0,,
2014-04-30,-0.02501529475626346,ols,2013,-0.015851537434704164,alpha,0.1,0,,
2014-05-30,0.027252649167926246,ols,2013,0.005794463254170625,alpha,0.1,0,,
2014-06-30,0.03495972125211384,ols,2013,0.0011713256026507912,alpha,0.1,0,,
2014-07-31,-0.020072720386450398,ols,2013,0.005142506740508552,alpha,0.1,0,,
2014-08-29,0.0439410219552496,ols,2013,-0.0022641285818991302,alpha,0.1,0,,
2014-09-30,-0.02252704082021592,ols,2013,-0.001683742781227078,alpha,0.1,0,,
2014-10-31,0.031400161362515756,ols,2013,0.0009407977301371558,alpha,0.1,0,,
2014-11-28,0.02381653906795251,ols,2013,-0.003938948267032803,alpha,0.1,0,,
2014-12-31,-0.0055579728417440395,ols,2013,-0.003762168703064785,alpha,0.1,0,,
2015-01-30,-0.015673647501581862,ols,2014,0.010958847547762815,alpha,0.1,0,,
2015-02-27,0.0570994015518405,ols,2014,-0.011917072570035006,alpha,0.1,0,,
2015-03-31,-0.006315914102524711,ols,2014,0.0012220838118861396,alpha,0.1,0,,
2015-04-30,0.0009481050463127727,ols,2014,-0.0015965724617524222,alpha,0.1,0,,
2015-05-29,0.01946060657848872,ols,2014,0.001123531908265061,alpha,0.1,0,,
2015-06-30,-0.016251657069943897,ols,2014,-0.005754530853625903,alpha,0.1,0,,
2015-07-31,0.020506966857093398,ols,2014,-0.0012685359801601105,alpha,0.1,0,,
2015-08-31,-0.06233610324333027,ols,2014,0.00542130606687672,alpha,0.1,0,,
2015-09-30,-0.03656028491062694,ols,2014,-0.002596394340329662,alpha,0.1,0,,
2015-10-30,0.07465647966423349,ols,2014,-0.0034024846978240736,alpha,0.1,0,,
2015-11-30,0.005205804599733619,ols,2014,-0.006298113741970083,alpha,0.1,0,,
2015-12-31,-0.016039615803946423,ols,2014,0.005565103069692757,alpha,0.1,0,,
2016-01-29,-0.07584433877603965,ols,2015,-0.0058116524792973245,alpha,0.1,0,,
2016-02-29,-0.008450233499434223,ols,2015,-0.004968969168958917,alpha,0.1,0,,
2016-03-31,0.06526728284866454,ols,2015,-0.0059520847534072635,alpha,0.1,0,,
2016-04-29,0.00850978521394539,ols,2015,0.0037800025231337683,alpha,0.1,0,,
2016-05-31,0.023021811015723728,ols,2015,-0.0013228002003362015,alpha,0.1,0,,
2016-06-30,-0.01577182793925256,ols,2015,-0.014443079563797697,alpha,0.1,0,,
2016-07-29,0.05054303390298617,ols,2015,0.004970266661822466,alpha,0.1,0,,
2016-08-31,0.008394969896662682,ols,2015,0.0044919062716583125,alpha,0.1,0,,
2016-09-30,0.008284880539204465,ols,2015,0.0018540156752380361,alpha,0.1,0,,
2016-10-31,-0.024443433685840912,ols,2015,0.004659371161721271,alpha,0.1,0,,
2016-11-30,0.03177433848147508,ols,2015,-0.008427953073798004,alpha,0.1,0,,
2016-12-30,0.0073150363149173305,ols,2015,-0.00815359705186672,alpha,0.1,0,,
2017-01-31,0.034640151603959196,ols,2016,0.010214963836509775,alpha,0.1,0,,
2017-02-28,0.03531468787081312,ols,2016,-0.004518966099846186,alpha,0.1,0,,
2017-03-31,0.010643212784837573,ols,2016,0.0029642657789527337,alpha,0.1,0,,
2017-04-28,0.021056252799551912,ols,2016,0.004793065427909644,alpha,0.1,0,,
2017-05-31,0.024661657214170775,ols,2016,0.008478924657462802,alpha,0.1,0,,
2017-06-30,0.004735441365735838,ols,2016,-0.004807782346785138,alpha,0.1,0,,
2017-07-31,0.026653679527007007,ols,2016,0.006836884223884555,alpha,0.1,0,,
2017-08-31,0.010013652712315439,ols,2016,0.0024013465323827563,alpha,0.1,0,,
2017-09-29,0.012814527989000462,ols,2016,-0.011787344026171955,alpha,0.1,0,,
2017-10-31,0.027838245595898876,ols,2016,0.0004421204109843341,alpha,0.1,0,,
2017-11-30,0.023027177792923105,ols,2016,-0.009008512855848014,alpha,0.1,0,,
2017-12-29,0.0018799439142558254,ols,2016,-0.006107250240870144,alpha,0.1,0,,
2018-01-31,0.07970030077144447,ols,2017,0.019492476064351644,alpha,0.1,0,,
2018-02-28,-0.021715662120439246,ols,2017,0.009828403021364524,alpha,0.1,0,,
2018-03-29,-0.016585193237242293,ols,2017,0.0037154669535893886,alpha,0.1,0,,
2018-04-30,0.004445469249567364,ols,2017,0.0010556264170485863,alpha,0.1,0,,
2018-05-31,0.04706724117278574,ols,2017,0.008097749435397913,alpha,0.1,0,,
2018-06-29,0.011305920600391131,ols,2017,0.00224292238234318,alpha,0.1,0,,
2018-07-31,0.017686182901117387,ols,2017,-0.01406951567620467,alpha,0.1,0,,
2018-08-31,0.05312965163574593,ols,2017,0.006325302532050381,alpha,0.1,0,,
2018-09-28,-0.0005035515017304706,ols,2017,-0.00032075224512085254,alpha,0.1,0,,
2018-10-31,-0.09796436463436,ols,2017,-0.007401777179716809,alpha,0.1,0,,
2018-11-30,0.013367030398185795,ols,2017,-0.004696750935272616,alpha,0.1,0,,
2018-12-31,-0.08725129356207964,ols,2017,0.010140666807249524,alpha,0.1,0,,
2019-01-31,0.10364803446963015,ols,2018,0.009720031338824806,alpha,0.1,0,,
2019-02-28,0.042026443199148424,ols,2018,-0.0019695074225556802,alpha,0.1,0,,
2019-03-29,0.019140846877887745,ols,2018,0.0024759362861274253,alpha,0.1,0,,
2019-04-30,0.04097927649286939,ols,2018,-0.001709859629183498,alpha,0.1,0,,
2019-05-31,-0.05036486174466163,ols,2018,0.019934034961071198,alpha,0.1,0,,
2019-06-28,0.06450543138029252,ols,2018,-0.011335396805754766,alpha,0.1,0,,
2019-07-31,0.0166837513872701,ols,2018,0.004454640916506979,alpha,0.1,0,,
2019-08-30,-0.015262775174633458,ols,2018,0.005423489300095952,alpha,0.1,0,,
2019-09-30,-0.01196522429582144,ols,2018,-0.014792755958111525,alpha,0.1,0,,
2019-10-31,0.02073506896118567,ols,2018,-0.006104490357861543,alpha,0.1,0,,
2019-11-29,0.045563426590094255,ols,2018,-0.0006165119620356457,alpha,0.1,0,,
2019-12-31,0.020733830570014936,ols,2018,-0.00610712337182381,alpha,0.1,0,,
2020-01-31,0.027231399147146937,ols,2019,0.018893311860281436,alpha,0.1,0,,
2020-02-28,-0.05844618255976143,ols,2019,0.016102175986496527,alpha,0.1,0,,
2020-03-31,-0.12059202610516048,ols,2019,0.007842362740495878,alpha,0.1,0,,
2020-04-30,0.14139763998702945,ols,2019,-0.0034304737913937455,alpha,0.1,0,,
2020-05-29,0.08598276074552479,ols,2019,0.016096500081617213,alpha,0.1,0,,
2020-06-30,0.04525720498518853,ols,2019,0.016804381449582895,alpha,0.1,0,,
2020-07-31,0.06813810840093852,ols,2019,0.009532291881821385,alpha,0.1,0,,
2020-08-31,0.07098774157984943,ols,2019,-0.011931531288561864,alpha,0.1,0,,
2020-09-30,-0.026887995188412492,ols,2019,0.004079042473297673,alpha,0.1,0,,
2020-10-30,-0.01569355456172913,ols,2019,0.006221975554269298,alpha,0.1,0,,
2020-11-30,0.11592041703160832,ols,2019,-0.014456663097919029,alpha,0.1,0,,
2020-12-31,0.04588625709162873,ols,2019,-0.008546311296626308,alpha,0.1,0,,
2021-01-29,-0.0011410834596625391,ols,2020,0.004485409685075051,alpha,0.1,0,,
2021-02-26,0.03723487174524975,ols,2020,0.010406599477336638,alpha,0.1,0,,
2021-03-31,-0.006736851093980853,ols,2020,-0.022570469354484708,alpha,0.1,0,,
2021-04-30,0.05766119770079431,ols,2020,0.003820585341125747,alpha,0.1,0,,
2021-05-28,-0.01360172486464268,ols,2020,-0.004006321753731655,alpha,0.1,0,,
2021-06-30,0.048688792849043164,ols,2020,0.009244433644393514,alpha,0.1,0,,
2021-07-30,0.00921896898546438,ols,2020,-0.002317975524416196,alpha,0.1,0,,
2021-08-31,0.02827392058427735,ols,2020,-0.00497755779484247,alpha,0.1,0,,
2021-09-30,-0.04770087968380866,ols,2020,0.0054269461983715295,alpha,0.1,0,,
2021-10-29,0.0652929722299671,ols,2020,-0.004067272604866112,alpha,0.1,0,,
2021-11-30,-0.031784604134113194,ols,2020,-0.009511857544902566,alpha,0.1,0,,
2021-12-31,0.0031384293951301225,ols,2020,-0.017874401979221948,alpha,0.1,0,,
2022-01-31,-0.09149144570605879,ols,2021,0.0024786855460271345,alpha,0.1,0,,
2022-02-28,-0.020288471384599487,ols,2021,0.008700932997413185,alpha,0.1,0,,
2022-03-31,0.008013074152489018,ols,2021,-0.020263103395897243,alpha,0.1,0,,
2022-04-29,-0.11299082212296134,ols,2021,0.002176334064037444,alpha,0.1,0,,
2022-05-31,-0.01763622680522327,ols,2021,0.0017771239720714427,alpha,0.1,0,,
2022-06-30,-0.08761917080759785,ols,2021,-0.015457929157189923,alpha,0.1,0,,
2022-07-29,0.10165231618586379,ols,2021,-0.014732969644143723,alpha,0.1,0,,
2022-08-31,-0.029795749614421007,ols,2021,0.006868593339737397,alpha,0.1,0,,
2022-09-30,-0.0942369738397283,ols,2021,-0.0002379247715656313,alpha,0.1,0,,
2022-10-31,0.07456461918891832,ols,2021,0.009408386695999305,alpha,0.1,0,,
2022-11-30,0.04622346697793886,ols,2021,0.005475418747210858,alpha,0.1,0,,
2022-12-30,-0.06177620249170303,ols,2021,0.009348960559132091,alpha,0.1,0,,
2023-01-31,0.08203320044292074,ols,2022,-0.004671394866079606,alpha,0.1,0,,
2023-02-28,-0.022591285674877837,ols,2022,-0.0026924011007772933,alpha,0.1,0,,
2023-03-31,0.011877552747100855,ols,2022,-0.02526500426180324,alpha,0.1,0,,
2023-04-28,0.005102622127657556,ols,2022,0.0019862114907066644,alpha,0.1,0,,
2023-05-31,0.0038030493846464147,ols,2022,-0.02339763579816808,alpha,0.1,0,,
2023-06-30,0.06540999567553323,ols,2022,-0.008222944452362255,alpha,0.1,0,,
2023-07-31,0.043091396655680896,ols,2022,0.00882023479085001,alpha,0.1,0,,
2023-08-31,-0.01752675698092252,ols,2022,0.0011201484573142052,alpha,0.1,0,,
2023-09-29,-0.04350073717644726,ols,2022,0.008968268185485108,alpha,0.1,0,,
2023-10-31,-0.034515438326610776,ols,2022,-0.00360273711593892,alpha,0.1,0,,
2023-11-30,0.0945554862950414,ols,2022,-0.002991678926767577,alpha,0.1,0,,
2023-12-29,0.05781410737391521,ols,2022,0.004516852550690051,alpha,0.1,0,,
2024-01-31,0.021921024538457838,ols,2023,0.009652109644767561,alpha,0.1,0,,
2024-02-29,0.07389500380056498,ols,2023,0.009456906759021624,alpha,0.1,0,,
2024-03-28,0.021709488385381278,ols,2023,-0.004140308073744065,alpha,0.1,0,,
2024-04-30,-0.05078307488703567,ols,2023,-0.00587925573092541,alpha,0.1,0,,
2024-05-31,0.04824242704111446,ols,2023,-0.006264957628465059,alpha,0.1,0,,
2024-06-28,0.05599071734061376,ols,2023,0.019535013422157965,alpha,0.1,0,,
2024-07-31,-0.014039110959444856,ols,2023,-0.030296653803733902,alpha,0.1,0,,
2024-08-30,0.02335012340338275,ols,2023,0.004530153469620209,alpha,0.1,0,,
2024-09-30,0.02616244962810119,ols,2023,0.0013479715131082502,alpha,0.1,0,,
2024-10-31,0.002358088308976206,ols,2023,0.011375658059455753,alpha,0.1,0,,
2024-11-29,0.0801182843939213,ols,2023,0.001526084803147587,alpha,0.1,0,,
2024-12-31,-0.010803079408166907,ols,2023,0.01636849662003423,alpha,0.1,0,,
2025-01-31,0.03716003063865419,ols,2024,0.0013490478980494602,alpha,0.1,0,,
2025-02-28,-0.03879269662798958,ols,2024,-0.0024197989860487643,alpha,0.1,0,,
2025-03-31,-0.08407127760394593,ols,2024,-0.016570006637823834,alpha,0.1,0,,
2025-04-30,0.01605912989095672,ols,2024,0.013421868712928933,alpha,0.1,0,,
2025-05-30,0.09507433065823273,ols,2024,0.02980002789184933,alpha,0.1,0,,
2025-06-30,0.06939925730537849,ols,2024,0.01494950586144872,alpha,0.1,0,,
2025-07-31,0.028907794812414837,ols,2024,0.0003420475032738686,alpha,0.1,0,,
2025-08-29,0.015724088655502004,ols,2024,-0.002680363724786406,alpha,0.1,0,,
2025-09-30,0.042288353210725806,ols,2024,-0.00011306297932967696,alpha,0.1,0,,
2025-10-31,0.026952731879687553,ols,2024,-0.007716908942100486,alpha,0.1,0,,
2025-11-28,-0.020384207302470803,ols,2024,-0.01716974160183629,alpha,0.1,0,,
2025-12-31,0.004916339231329418,ols,2024,0.009020544514672976,alpha,0.1,0,,
1991-01-31,0.07435563736748127,random_forest,1990,0.01010444483681959,alpha,0.1,0,,
1991-02-28,0.08697640873330598,random_forest,1990,0.0028497736103945542,alpha,0.1,0,,
1991-03-28,0.04247488469618713,random_forest,1990,0.000203404088582812,alpha,0.1,0,,
1991-04-30,-0.006791504205619903,random_forest,1990,-0.005341507881576644,alpha,0.1,0,,
1991-05-31,0.04701790874016502,random_forest,1990,0.0023645673211049947,alpha,0.1,0,,
1991-06-28,-0.04684057377704319,random_forest,1990,0.002182316041977231,alpha,0.1,0,,
1991-07-31,0.0505739449403596,random_forest,1990,0.0005460601712505841,alpha,0.1,0,,
1991-08-30,0.023983824763239653,random_forest,1990,-0.007674459629239835,alpha,0.1,0,,
1991-09-30,-6.577572929179504e-05,random_forest,1990,0.005185846525816243,alpha,0.1,0,,
1991-10-31,0.030473418587815236,random_forest,1990,0.00830110715846289,alpha,0.1,0,,
1991-11-29,-0.02796614282528964,random_forest,1990,0.010466799192387001,alpha,0.1,0,,
1991-12-31,0.1115785022980625,random_forest,1990,-0.007653953484325293,alpha,0.1,0,,
1992-01-31,0.008162818373044355,random_forest,1991,0.00588163741106372,alpha,0.1,0,,
1992-02-28,0.021145861634742295,random_forest,1991,0.01654611948348394,alpha,0.1,0,,
1992-03-31,-0.022983934382862968,random_forest,1991,0.009013666325077795,alpha,0.1,0,,
1992-04-30,-0.004288531976448061,random_forest,1991,0.0023332200144681008,alpha,0.1,0,,
1992-05-29,0.013448646261647306,random_forest,1991,0.008533400236655683,alpha,0.1,0,,
1992-06-30,-0.017377997564839466,random_forest,1991,0.012991740633671645,alpha,0.1,0,,
1992-07-31,0.03844565146478594,random_forest,1991,-0.0034147952456101277,alpha,0.1,0,,
1992-08-31,-0.019423952784315496,random_forest,1991,0.0020970618962381053,alpha,0.1,0,,
1992-09-30,0.03227664683736902,random_forest,1991,0.0164261132288262,alpha,0.1,0,,
1992-10-30,0.017558278645527812,random_forest,1991,-0.0021086955921134076,alpha,0.1,0,,
1992-11-30,0.043129655804071146,random_forest,1991,-0.012289144299960392,alpha,0.1,0,,
1992-12-31,0.024213507324969234,random_forest,1991,0.005631100407886523,alpha,0.1,0,,
1993-01-29,0.014123464284773587,random_forest,1992,0.007449041481606496,alpha,0.1,0,,
1993-02-26,-0.03138871338183795,random_forest,1992,-0.016396756876715202,alpha,0.1,0,,
1993-03-31,0.022254061070347997,random_forest,1992,-0.0025104089316176775,alpha,0.1,0,,
1993-04-30,-0.0279296381102004,random_forest,1992,0.0037128661695317276,alpha,0.1,0,,
1993-05-28,0.0326910535361103,random_forest,1992,-0.007809023255007583,alpha,0.1,0,,
1993-06-30,0.002505228084357272,random_forest,1992,-0.0006448874211603804,alpha,0.1,0,,
1993-07-30,-0.003117418373116944,random_forest,1992,0.00028977581315254956,alpha,0.1,0,,
1993-08-31,0.03643697059288524,random_forest,1992,-0.005746187359126645,alpha,0.1,0,,
1993-09-30,0.01151299162921641,random_forest,1992,0.0035684492810341764,alpha,0.1,0,,
1993-10-29,0.008204768087975057,random_forest,1992,-0.012137415806122398,alpha,0.1,0,,
1993-11-30,-0.020757150991538343,random_forest,1992,-0.0013314707743857339,alpha,0.1,0,,
1993-12-31,0.026939316303560473,random_forest,1992,0.005601049616893509,alpha,0.1,0,,
1994-01-31,0.04022087080670454,random_forest,1993,0.010949143718471794,alpha,0.1,0,,
1994-02-28,-0.03265912699633203,random_forest,1993,-0.014693176188480952,alpha,0.1,0,,
1994-03-31,-0.03590863141087971,random_forest,1993,0.01679504460857461,alpha,0.1,0,,
1994-04-29,0.011647522073285652,random_forest,1993,0.00832825381746844,alpha,0.1,0,,
1994-05-31,0.019400980974505513,random_forest,1993,0.017426729764792728,alpha,0.1,0,,
1994-06-30,-0.022070268139857817,random_forest,1993,0.012182041112466228,alpha,0.1,0,,
1994-07-29,0.022827825828680037,random_forest,1993,-0.005134429215852918,alpha,0.1,0,,
1994-08-31,0.04516607662316052,random_forest,1993,-0.006689321884896807,alpha,0.1,0,,
1994-09-30,-0.019774275797759228,random_forest,1993,-0.005160281988953089,alpha,0.1,0,,
1994-10-31,0.0068229706934154945,random_forest,1993,-0.010297855529802995,alpha,0.1,0,,
1994-11-30,-0.044585040532961626,random_forest,1993,-0.00891365082816934,alpha,0.1,0,,
1994-12-30,0.00829716089872078,random_forest,1993,-0.005027435315856604,alpha,0.1,0,,
1995-01-31,0.01912528341116239,random_forest,1994,0.004431434608253295,alpha,0.1,0,,
1995-02-28,0.039508361027847966,random_forest,1994,0.0007427990407747886,alpha,0.1,0,,
1995-03-31,0.030532477216853298,random_forest,1994,0.0023807066959741358,alpha,0.1,0,,
1995-04-28,0.024407663502814158,random_forest,1994,0.0021228742911837545,alpha,0.1,0,,
1995-05-31,0.04227547522887587,random_forest,1994,0.01429700774627866,alpha,0.1,0,,
1995-06-30,0.03072799248109007,random_forest,1994,-0.014665630940548739,alpha,0.1,0,,
1995-07-31,0.040007907156778044,random_forest,1994,-0.010676674341951624,alpha,0.1,0,,
1995-08-31,0.011855083038173318,random_forest,1994,0.0032212002491594956,alpha,0.1,0,,
1995-09-29,0.0406305351326284,random_forest,1994,0.005899886344853382,alpha,0.1,0,,
1995-10-31,-0.010579960932366416,random_forest,1994,0.006372700559308445,alpha,0.1,0,,
1995-11-30,0.040653068768418364,random_forest,1994,0.00016482062922036633,alpha,0.1,0,,
1995-12-29,0.010653299911626977,random_forest,1994,-0.002626401404202134,alpha,0.1,0,,
1996-01-31,0.015066583086494511,random_forest,1995,-0.003279820475466466,alpha,0.1,0,,
1996-02-29,0.031142367273149854,random_forest,1995,0.006429611909765716,alpha,0.1,0,,
1996-03-29,0.012848664970306132,random_forest,1995,-0.00037974352086988725,alpha,0.1,0,,
1996-04-30,0.04996312210695626,random_forest,1995,0.009031293705455579,alpha,0.1,0,,
1996-05-31,0.025710772581980963,random_forest,1995,-0.009851462013767399,alpha,0.1,0,,
1996-06-28,-0.023568323711698577,random_forest,1995,-0.0026410026758099253,alpha,0.1,0,,
1996-07-31,-0.06719524450069625,random_forest,1995,0.007849182473626537,alpha,0.1,0,,
1996-08-30,0.04352786351632034,random_forest,1995,0.0017064607153933,alpha,0.1,0,,
1996-09-30,0.05554564176923475,random_forest,1995,-0.0035934715771378037,alpha,0.1,0,,
1996-10-31,-0.0014348905675683197,random_forest,1995,0.002332336839492774,alpha,0.1,0,,
1996-11-29,0.050386963245939324,random_forest,1995,-0.0075374473894174385,alpha,0.1,0,,
1996-12-31,-0.006406175876419388,random_forest,1995,0.004817458791697652,alpha,0.1,0,,
1997-01-31,0.03603244429061871,random_forest,1996,-0.017005388040211483,alpha,0.1,0,,
1997-02-28,-0.029265599790835935,random_forest,1996,-0.010567585973489401,alpha,0.1,0,,
1997-03-31,-0.05512391333785633,random_forest,1996,-0.0015230875770936778,alpha,0.1,0,,
1997-04-30,0.006439580689915958,random_forest,1996,-0.029586456499685825,alpha,0.1,0,,
1997-05-30,0.09680872464229932,random_forest,1996,0.0075759707276124855,alpha,0.1,0,,
1997-06-30,0.041780370380306374,random_forest,1996,-0.0033582797844516205,alpha,0.1,0,,
1997-07-31,0.06797589320625558,random_forest,1996,-0.010917853977819858,alpha,0.1,0,,
1997-08-29,-0.007650220870786733,random_forest,1996,0.01804526311342189,alpha,0.1,0,,
1997-09-30,0.07158311485065029,random_forest,1996,0.005852129924594891,alpha,0.1,0,,
1997-10-31,-0.04302530399586146,random_forest,1996,-0.0009184224091071599,alpha,0.1,0,,
1997-11-28,-0.0020143896899167076,random_forest,1996,-0.020945641041691505,alpha,0.1,0,,
1997-12-31,0.007338141886757932,random_forest,1996,-0.0009987463596629674,alpha,0.1,0,,
1998-01-30,-0.0063316074643465165,random_forest,1997,-0.012058899088298715,alpha,0.1,0,,
1998-02-27,0.07758250361209498,random_forest,1997,-0.002913396638115129,alpha,0.1,0,,
1998-03-31,0.04653400864958609,random_forest,1997,-0.00432738887271291,alpha,0.1,0,,
1998-04-30,0.00893574994241256,random_forest,1997,-0.004034975149905707,alpha,0.1,0,,
1998-05-29,-0.03806300958632104,random_forest,1997,0.0020485663052574044,alpha,0.1,0,,
1998-06-30,0.018761384990370333,random_forest,1997,-0.021801389154253694,alpha,0.1,0,,
1998-07-31,-0.04582831637641194,random_forest,1997,-0.017278210981439376,alpha,0.1,0,,
1998-08-31,-0.1759433156581225,random_forest,1997,0.006435605015838203,alpha,0.1,0,,
1998-09-30,0.06939139710188696,random_forest,1997,-0.006446371244235444,alpha,0.1,0,,
1998-10-30,0.06887695013090289,random_forest,1997,0.0009147850092090931,alpha,0.1,0,,
1998-11-30,0.05475823609090967,random_forest,1997,-0.017400290249599985,alpha,0.1,0,,
1998-12-31,0.06562536273708908,random_forest,1997,-0.011715185496192632,alpha,0.1,0,,
1999-01-29,0.04846096000377938,random_forest,1998,-0.007932874981587637,alpha,0.1,0,,
1999-02-26,-0.05222577193322293,random_forest,1998,0.0021579681857335845,alpha,0.1,0,,
1999-03-31,0.06474496831667856,random_forest,1998,0.02467214312280723,alpha,0.1,0,,
1999-04-30,0.03760861561616888,random_forest,1998,-0.01259287736817067,alpha,0.1,0,,
1999-05-28,-0.013536201682889035,random_forest,1998,0.0124036498481764,alpha,0.1,0,,
1999-06-30,0.06804555167619483,random_forest,1998,0.0026246549222197144,alpha,0.1,0,,
1999-07-30,-0.018705357095326447,random_forest,1998,0.013505634197936867,alpha,0.1,0,,
1999-08-31,-0.003922167205420077,random_forest,1998,0.006647760667437061,alpha,0.1,0,,
1999-09-30,-0.002646378305666785,random_forest,1998,0.009419846152539761,alpha,0.1,0,,
1999-10-29,0.07305573800390545,random_forest,1998,0.011400962075619074,alpha,0.1,0,,
1999-11-30,0.07672606725603678,random_forest,1998,0.014157461911891614,alpha,0.1,0,,
1999-12-31,0.13038564789981522,random_forest,1998,0.010082880246417292,alpha,0.1,0,,
2000-01-31,-0.02822236952640987,random_forest,1999,0.008945947689613154,alpha,0.1,0,,
2000-02-29,0.09762832301581187,random_forest,1999,0.002113526421835224,alpha,0.1,0,,
2000-03-31,0.03360210624512842,random_forest,1999,0.022262634478086872,alpha,0.1,0,,
2000-04-28,-0.059811651831746165,random_forest,1999,0.0344230850349045,alpha,0.1,0,,
2000-05-31,-0.05273425739736938,random_forest,1999,0.007336017842538796,alpha,0.1,0,,
2000-06-30,0.07133039425152041,random_forest,1999,-0.023889908588521802,alpha,0.1,0,,
2000-07-31,-0.02257452495180327,random_forest,1999,0.01842529165363947,alpha,0.1,0,,
2000-08-31,0.09261614447980136,random_forest,1999,0.014004847468021317,alpha,0.1,0,,
2000-09-29,-0.05524709793820354,random_forest,1999,0.013399779536068808,alpha,0.1,0,,
2000-10-31,-0.03770028751813982,random_forest,1999,0.011525557625012936,alpha,0.1,0,,
2000-11-30,-0.1180168823224863,random_forest,1999,0.025649762268133425,alpha,0.1,0,,
2000-12-29,0.025055809071470862,random_forest,1999,0.018711872811571453,alpha,0.1,0,,
2001-01-31,0.03054003645217656,random_forest,2000,-0.02693654885131934,alpha,0.1,0,,
2001-02-28,-0.15126562837258495,random_forest,2000,-0.025772396143759924,alpha,0.1,0,,
2001-03-30,-0.1038712091582493,random_forest,2000,-0.02508092927605665,alpha,0.1,0,,
2001-04-30,0.11750969577702919,random_forest,2000,0.024089371912186186,alpha,0.1,0,,
2001-05-31,-0.0011303102020278294,random_forest,2000,-0.010540848130374947,alpha,0.1,0,,
2001-06-29,-0.02160733494322807,random_forest,2000,-0.019016202542227578,alpha,0.1,0,,
2001-07-31,-0.043237863378381626,random_forest,2000,-0.004928289193055539,alpha,0.1,0,,
2001-08-31,-0.07407613640232615,random_forest,2000,-0.0010229394974176909,alpha,0.1,0,,
2001-09-28,-0.13008123365860547,random_forest,2000,-0.021900506527895533,alpha,0.1,0,,
2001-10-31,0.058334082069243336,random_forest,2000,0.00676129551395406,alpha,0.1,0,,
2001-11-30,0.08549277111805592,random_forest,2000,0.007686297031293032,alpha,0.1,0,,
2001-12-31,0.0396417751306138,random_forest,2000,0.013996621328823566,alpha,0.1,0,,
2002-01-31,-0.015319723123936408,random_forest,2001,0.007215951420922427,alpha,0.1,0,,
2002-02-28,-0.032463167188467014,random_forest,2001,0.00584873785957353,alpha,0.1,0,,
2002-03-28,0.05478487126130704,random_forest,2001,0.004936093423535896,alpha,0.1,0,,
2002-04-30,-0.042266269479431795,random_forest,2001,0.012761532485181956,alpha,0.1,0,,
2002-05-31,-0.0026506518471597846,random_forest,2001,0.021774310685525315,alpha,0.1,0,,
2002-06-28,-0.07091962722911299,random_forest,2001,0.0008423805244057447,alpha,0.1,0,,
2002-07-31,-0.0846985064834911,random_forest,2001,0.0035901280779075395,alpha,0.1,0,,
2002-08-30,0.01631305063368689,random_forest,2001,0.013618978299649843,alpha,0.1,0,,
2002-09-30,-0.07700472037330117,random_forest,2001,0.018491107786941838,alpha,0.1,0,,
2002-10-31,0.03730316990672517,random_forest,2001,-0.040151120477996786,alpha,0.1,0,,
2002-11-29,0.06376895648844412,random_forest,2001,0.002097393935145797,alpha,0.1,0,,
2002-12-31,-0.033058761201610526,random_forest,2001,0.024849929256064385,alpha,0.1,0,,
2003-01-31,-0.01974858464007343,random_forest,2002,0.0029794007914048584,alpha,0.1,0,,
2003-02-28,-0.013316345831133013,random_forest,2002,0.0038725622707435053,alpha,0.1,0,,
2003-03-31,0.015194911223049773,random_forest,2002,-0.0008534523920279147,alpha,0.1,0,,
2003-04-30,0.08110374960953215,random_forest,2002,-0.0025019510504308007,alpha,0.1,0,,
2003-05-30,0.0749415090528824,random_forest,2002,0.008298603103039773,alpha,0.1,0,,
2003-06-30,0.012929530075870622,random_forest,2002,-0.004908562347533223,alpha,0.1,0,,
2003-07-31,0.03641544252521164,random_forest,2002,0.0022963247792048003,alpha,0.1,0,,
2003-08-29,0.04077492019824151,random_forest,2002,0.016157824863426384,alpha,0.1,0,,
2003-09-30,-0.019479159925477604,random_forest,2002,-0.007031857457802493,alpha,0.1,0,,
2003-10-31,0.07458471379414736,random_forest,2002,0.010672837327624543,alpha,0.1,0,,
2003-11-28,0.019538599410491228,random_forest,2002,0.005795086255663735,alpha,0.1,0,,
2003-12-31,0.02121780389330175,random_forest,2002,-0.013301297334731572,alpha,0.1,0,,
2004-01-30,0.01998592385010534,random_forest,2003,-0.002295557901275027,alpha,0.1,0,,
2004-02-27,0.008812688313825028,random_forest,2003,-0.003040025311558704,alpha,0.1,0,,
2004-03-31,0.0024923043440046376,random_forest,2003,0.011419185623514622,alpha,0.1,0,,
2004-04-30,-0.046390966630657456,random_forest,2003,-0.0288860791579514,alpha,0.1,0,,
2004-05-28,0.025322413239347648,random_forest,2003,0.01174194264236679,alpha,0.1,0,,
2004-06-30,0.01957010069123422,random_forest,2003,-0.003133392028655025,alpha,0.1,0,,
2004-07-30,-0.0626663964019014,random_forest,2003,-0.011775087869649349,alpha,0.1,0,,
2004-08-31,-0.00668411509028081,random_forest,2003,-0.006080427727775903,alpha,0.1,0,,
2004-09-30,0.03767848944593291,random_forest,2003,0.00892701967979721,alpha,0.1,0,,
2004-10-29,0.017518158755364693,random_forest,2003,0.002210196673206823,alpha,0.1,0,,
2004-11-30,0.055423329565603724,random_forest,2003,0.0011832214903271451,alpha,0.1,0,,
2004-12-31,0.03594147536578494,random_forest,2003,0.0003230205409421108,alpha,0.1,0,,
2005-01-31,-0.03040503202738467,random_forest,2004,-0.0009051638908550534,alpha,0.1,0,,
2005-02-28,0.030351977157593066,random_forest,2004,0.011476593859481174,alpha,0.1,0,,
2005-03-31,-0.018429276830133616,random_forest,2004,0.0061712522492860696,alpha,0.1,0,,
2005-04-29,-0.017889297713363755,random_forest,2004,0.012665970750640115,alpha,0.1,0,,
2005-05-31,0.04520503996770372,random_forest,2004,5.960056135610042e-05,alpha,0.1,0,,
2005-06-30,0.03340199034003664,random_forest,2004,0.022136633362156162,alpha,0.1,0,,
2005-07-29,0.05892315825793262,random_forest,2004,0.009012560406833396,alpha,0.1,0,,
2005-08-31,-0.005269422499625575,random_forest,2004,0.005177637935277179,alpha,0.1,0,,
2005-09-30,0.022336803794771497,random_forest,2004,0.014023691178031223,alpha,0.1,0,,
2005-10-31,-0.03188385057560894,random_forest,2004,-0.01327341920167725,alpha,0.1,0,,
2005-11-30,0.0426049615218792,random_forest,2004,-0.002493665440146682,alpha,0.1,0,,
2005-12-30,0.009079970638407781,random_forest,2004,0.009125505204855937,alpha,0.1,0,,
2006-01-31,0.05365142217349224,random_forest,2005,0.008854037679381657,alpha,0.1,0,,
2006-02-28,-0.017089143007129354,random_forest,2005,-0.01359692681416452,alpha,0.1,0,,
2006-03-31,0.023522108178750178,random_forest,2005,-0.0010804128416507137,alpha,0.1,0,,
2006-04-28,0.011818821770100352,random_forest,2005,0.005808052191567712,alpha,0.1,0,,
2006-05-31,-0.042675393152049566,random_forest,2005,0.0011252397913093792,alpha,0.1,0,,
2006-06-30,0.0010186137616648259,random_forest,2005,0.0022362109923944884,alpha,0.1,0,,
2006-07-31,-0.015377903181080151,random_forest,2005,0.0009049998520566926,alpha,0.1,0,,
2006-08-31,0.017468895907926676,random_forest,2005,-0.007096316241249345,alpha,0.1,0,,
2006-09-29,0.009890451617782929,random_forest,2005,-0.008650544382660698,alpha,0.1,0,,
2006-10-31,0.03637617274028341,random_forest,2005,-0.0034605013859953307,alpha,0.1,0,,
2006-11-30,0.03248679254764371,random_forest,2005,0.009265735830671813,alpha,0.1,0,,
2006-12-29,0.0021012592091988465,random_forest,2005,-0.0037431936287478356,alpha,0.1,0,,
2007-01-31,0.03612761185671252,random_forest,2006,0.017744571097945635,alpha,0.1,0,,
2007-02-28,-0.011885840744826022,random_forest,2006,0.0007025579425721656,alpha,0.1,0,,
2007-03-30,0.004870265723386178,random_forest,2006,-0.009344962908366948,alpha,0.1,0,,
2007-04-30,0.02951921429512127,random_forest,2006,-0.005557166562422097,alpha,0.1,0,,
2007-05-31,0.03470117880370251,random_forest,2006,-0.004104341885328152,alpha,0.1,0,,
2007-06-29,-0.023413459483634717,random_forest,2006,-0.009584120690686947,alpha,0.1,0,,
2007-07-31,-0.029387775368144485,random_forest,2006,0.002530947814541905,alpha,0.1,0,,
2007-08-31,0.016054440550167616,random_forest,2006,-0.0012681336050614153,alpha,0.1,0,,
2007-09-28,0.05534055670378313,random_forest,2006,0.014361838935366807,alpha,0.1,0,,
2007-10-31,0.042429039565777184,random_forest,2006,0.01605545813571839,alpha,0.1,0,,
2007-11-30,-0.05385927187390718,random_forest,2006,-0.004506683152406626,alpha,0.1,0,,
2007-12-31,-0.006138607012955707,random_forest,2006,-0.004118310041967213,alpha,0.1,0,,
2008-01-31,-0.0795109857902437,random_forest,2007,-0.004205157709438689,alpha,0.1,0,,
2008-02-29,-0.006167860758677289,random_forest,2007,0.02130703564661584,alpha,0.1,0,,
2008-03-31,-0.015773456069493815,random_forest,2007,-0.008462387893200104,alpha,0.1,0,,
2008-04-30,0.06573449584298893,random_forest,2007,0.015566236358788961,alpha,0.1,0,,
2008-05-30,0.041531684576227884,random_forest,2007,0.013939164252725945,alpha,0.1,0,,
2008-06-30,-0.054140777613656335,random_forest,2007,0.02361251389017318,alpha,0.1,0,,
2008-07-31,-0.03950650518576797,random_forest,2007,-0.03160804599204887,alpha,0.1,0,,
2008-08-29,0.0001919394317109863,random_forest,2007,-0.016146264107363927,alpha,0.1,0,,
2008-09-30,-0.12269718251309539,random_forest,2007,-0.019200013572852684,alpha,0.1,0,,
2008-10-31,-0.2004177106589484,random_forest,2007,-0.022164904254575596,alpha,0.1,0,,
2008-11-28,-0.08783858899793763,random_forest,2007,-0.00450395095123661,alpha,0.1,0,,
2008-12-31,0.029684056598146356,random_forest,2007,0.00545777218395636,alpha,0.1,0,,
2009-01-30,-0.07131487654968777,random_forest,2008,0.00045120479507868017,alpha,0.1,0,,
2009-02-27,-0.09343077494782225,random_forest,2008,0.0019514525979976438,alpha,0.1,0,,
2009-03-31,0.07497234765035654,random_forest,2008,-0.015075362005824433,alpha,0.1,0,,
2009-04-30,0.14028005107900726,random_forest,2008,0.04496238837351928,alpha,0.1,0,,
2009-05-29,0.04249140519714141,random_forest,2008,-0.005738114084730114,alpha,0.1,0,,
2009-06-30,0.0033311496316382715,random_forest,2008,-0.011610936486128967,alpha,0.1,0,,
2009-07-31,0.08201392042484294,random_forest,2008,0.01204632873077241,alpha,0.1,0,,
2009-08-31,0.04424361803357258,random_forest,2008,0.025273052310870906,alpha,0.1,0,,
2009-09-30,0.05556682653211116,random_forest,2008,0.014149882815087306,alpha,0.1,0,,
2009-10-30,-0.035353390396861535,random_forest,2008,-0.005763257731462423,alpha,0.1,0,,
2009-11-30,0.05811156764651522,random_forest,2008,0.006560043931332783,alpha,0.1,0,,
2009-12-31,0.049645918148543786,random_forest,2008,0.010897270536392549,alpha,0.1,0,,
2010-01-29,-0.049541096920563195,random_forest,2009,-0.01424872067430935,alpha,0.1,0,,
2010-02-26,0.03915297286587402,random_forest,2009,0.006833138157975795,alpha,0.1,0,,
2010-03-31,0.06522257683999359,random_forest,2009,0.0019730413867470875,alpha,0.1,0,,
2010-04-30,0.01427949225655398,random_forest,2009,-0.008610474045218454,alpha,0.1,0,,
2010-05-28,-0.07630150292967217,random_forest,2009,0.0013958163143023977,alpha,0.1,0,,
2010-06-30,-0.05794287879940387,random_forest,2009,-0.004802632352919882,alpha,0.1,0,,
2010-07-30,0.0674707173072444,random_forest,2009,-0.0003383890838491721,alpha,0.1,0,,
2010-08-31,-0.04401380783917175,random_forest,2009,0.0051454425619879215,alpha,0.1,0,,
2010-09-30,0.11289707438610766,random_forest,2009,0.006677198549127211,alpha,0.1,0,,
2010-10-29,0.044775067427049106,random_forest,2009,0.0015228699923352934,alpha,0.1,0,,
2010-11-30,0.01765117642221781,random_forest,2009,0.0070053311439278315,alpha,0.1,0,,
2010-12-31,0.05628092866993345,random_forest,2009,-0.007108283883185074,alpha,0.1,0,,
2011-01-31,0.006704054962840204,random_forest,2010,-0.007981140887807051,alpha,0.1,0,,
2011-02-28,0.045538827128380185,random_forest,2010,0.007974423010268343,alpha,0.1,0,,
2011-03-31,0.017820826947720855,random_forest,2010,0.006950378356738311,alpha,0.1,0,,
2011-04-29,0.03389630285068545,random_forest,2010,0.002217572110038535,alpha,0.1,0,,
2011-05-31,-0.019184338269118955,random_forest,2010,-0.007727202089749438,alpha,0.1,0,,
2011-06-30,-0.017481377329830877,random_forest,2010,-0.0012026599251486088,alpha,0.1,0,,
2011-07-29,-0.021083287740982056,random_forest,2010,0.002907307855062366,alpha,0.1,0,,
2011-08-31,-0.06343841597691297,random_forest,2010,0.0018278255697319473,alpha,0.1,0,,
2011-09-30,-0.0996867244990552,random_forest,2010,-0.016190822805120825,alpha,0.1,0,,
2011-10-31,0.12327386146118012,random_forest,2010,0.0004593294826586297,alpha,0.1,0,,
2011-11-30,-0.0072021971969186355,random_forest,2010,-0.0017503102771856014,alpha,0.1,0,,
2011-12-30,-0.02737044078308647,random_forest,2010,-0.028290534100661843,alpha,0.1,0,,
2012-01-31,0.0631921272478724,random_forest,2011,0.006085271470985615,alpha,0.1,0,,
2012-02-29,0.043884705610254586,random_forest,2011,0.0022749498877331423,alpha,0.1,0,,
2012-03-30,0.021021178857452007,random_forest,2011,-0.008100917985305139,alpha,0.1,0,,
2012-04-30,-0.007826714792657742,random_forest,2011,0.0016326072012000283,alpha,0.1,0,,
2012-05-31,-0.07315981435581373,random_forest,2011,-0.008212983700745732,alpha,0.1,0,,
2012-06-29,0.03578583450024809,random_forest,2011,-0.004344242027118819,alpha,0.1,0,,
2012-07-31,-0.004978745919112944,random_forest,2011,-0.008419624986714995,alpha,0.1,0,,
2012-08-31,0.03220947734849609,random_forest,2011,0.005100565390707135,alpha,0.1,0,,
2012-09-28,0.026252633774518922,random_forest,2011,0.0012579352175883275,alpha,0.1,0,,
2012-10-31,-0.021981804381384293,random_forest,2011,0.004054218226122917,alpha,0.1,0,,
2012-11-30,0.008863348671275213,random_forest,2011,0.0007434079299296261,alpha,0.1,0,,
2012-12-31,0.016892394728723937,random_forest,2011,0.006383949647593156,alpha,0.1,0,,
2013-01-31,0.05338763234812714,random_forest,2012,-0.0011330529967895353,alpha,0.1,0,,
2013-02-28,0.008281787689821981,random_forest,2012,-0.004023481087798991,alpha,0.1,0,,
2013-03-28,0.03534970101348116,random_forest,2012,-0.005190565415179045,alpha,0.1,0,,
2013-04-30,0.009503599567232525,random_forest,2012,-0.0010495420756003026,alpha,0.1,0,,
2013-05-31,0.027931521138749305,random_forest,2012,-0.0035635227759109114,alpha,0.1,0,,
2013-06-28,-0.012711809723463214,random_forest,2012,-0.00369332735582514,alpha,0.1,0,,
2013-07-31,0.06345979512307981,random_forest,2012,0.003213650672634648,alpha,0.1,0,,
2013-08-30,-0.012881345295277215,random_forest,2012,0.00848512258571412,alpha,0.1,0,,
2013-09-30,0.05274465797399792,random_forest,2012,0.0051460608618866185,alpha,0.1,0,,
2013-10-31,0.03320987051398662,random_forest,2012,-0.0012025248407949718,alpha,0.1,0,,
2013-11-29,0.02850558352836812,random_forest,2012,-0.005055865406187618,alpha,0.1,0,,
2013-12-31,0.030781568379849508,random_forest,2012,0.002809228676246101,alpha,0.1,0,,
2014-01-31,-0.007381418859355772,random_forest,2013,0.016215136693092512,alpha,0.1,0,,
2014-02-28,0.055362269900117354,random_forest,2013,0.005565337163499093,alpha,0.1,0,,
2014-03-31,-0.032008191322525546,random_forest,2013,-0.022661208430443853,alpha,0.1,0,,
2014-04-30,-0.037476036899745456,random_forest,2013,-0.021554944159322423,alpha,0.1,0,,
2014-05-30,0.022921476081611505,random_forest,2013,0.003296902739658672,alpha,0.1,0,,
2014-06-30,0.04285987806670428,random_forest,2013,0.0055203631126653635,alpha,0.1,0,,
2014-07-31,-0.0278956372683422,random_forest,2013,0.0012999809103608762,alpha,0.1,0,,
2014-08-29,0.044009586011447964,random_forest,2013,-0.0020074419699849244,alpha,0.1,0,,
2014-09-30,-0.025210157895525893,random_forest,2013,-0.0010556492297911224,alpha,0.1,0,,
2014-10-31,0.03405073253500595,random_forest,2013,0.0007789316734532967,alpha,0.1,0,,
2014-11-28,0.018163342541680602,random_forest,2013,-0.006041583365128531,alpha,0.1,0,,
2014-12-31,-0.002679705923400103,random_forest,2013,-0.004415917911458854,alpha,0.1,0,,
2015-01-30,-0.01893712556908203,random_forest,2014,0.0073728134224484605,alpha,0.1,0,,
2015-02-27,0.05775163544677611,random_forest,2014,-0.0098364902561075,alpha,0.1,0,,
2015-03-31,-0.007842733819620576,random_forest,2014,-0.004277382877211289,alpha,0.1,0,,
2015-04-30,0.0020171048029604473,random_forest,2014,0.004458826744546885,alpha,0.1,0,,
2015-05-29,0.018527300711168246,random_forest,2014,-0.002894918029696915,alpha,0.1,0,,
2015-06-30,-0.014929605138424866,random_forest,2014,-0.008404850993029775,alpha,0.1,0,,
2015-07-31,0.01969678259443158,random_forest,2014,-0.0003780084037312663,alpha,0.1,0,,
2015-08-31,-0.061131037597889,random_forest,2014,0.005850432107785963,alpha,0.1,0,,
2015-09-30,-0.0392533440888757,random_forest,2014,-0.004163613183570343,alpha,0.1,0,,
2015-10-30,0.0679162749982488,random_forest,2014,-0.00465057072797094,alpha,0.1,0,,
2015-11-30,0.007121729238506043,random_forest,2014,-0.009511956008846979,alpha,0.1,0,,
2015-12-31,-0.0161613034539939,random_forest,2014,0.006901925604374939,alpha,0.1,0,,
2016-01-29,-0.07111658673704378,random_forest,2015,0.0019526590172957714,alpha,0.1,0,,
2016-02-29,-0.006145510015003816,random_forest,2015,-0.0001743002599046686,alpha,0.1,0,,
2016-03-31,0.06456668339495168,random_forest,2015,-0.003937063439201513,alpha,0.1,0,,
2016-04-29,0.0016213964689792847,random_forest,2015,-0.003637225586845528,alpha,0.1,0,,
2016-05-31,0.02503152402291372,random_forest,2015,0.000426899267498497,alpha,0.1,0,,
2016-06-30,-0.0035428062579408257,random_forest,2015,-0.002783921259208721,alpha,0.1,0,,
2016-07-29,0.04642799420711282,random_forest,2015,0.0011570652752863134,alpha,0.1,0,,
2016-08-31,0.0009334656370763577,random_forest,2015,-0.004502409753415435,alpha,0.1,0,,
2016-09-30,0.009954563849670067,random_forest,2015,0.000707739666868993,alpha,0.1,0,,
2016-10-31,-0.028643321544139018,random_forest,2015,0.003962952361126773,alpha,0.1,0,,
2016-11-30,0.022124864527029303,random_forest,2015,-0.021734269933080027,alpha,0.1,0,,
2016-12-30,0.0072584390437187,random_forest,2015,-0.007534620183369727,alpha,0.1,0,,
2017-01-31,0.03432565244353571,random_forest,2016,0.011687021009498349,alpha,0.1,0,,
2017-02-28,0.03448627763139536,random_forest,2016,-0.0017839110071018044,alpha,0.1,0,,
2017-03-31,0.010130825487685359,random_forest,2016,0.0023899112982794825,alpha,0.1,0,,
2017-04-28,0.019899087250168267,random_forest,2016,0.004205274728116486,alpha,0.1,0,,
2017-05-31,0.024916626223712258,random_forest,2016,0.011770215991510423,alpha,0.1,0,,
2017-06-30,0.0066886055065819685,random_forest,2016,-0.006204213986306744,alpha,0.1,0,,
2017-07-31,0.0250417439927856,random_forest,2016,0.00634988059224147,alpha,0.1,0,,
2017-08-31,0.00893772721040031,random_forest,2016,0.0019567567837510107,alpha,0.1,0,,
2017-09-29,0.01726961423070222,random_forest,2016,-0.011397886108759036,alpha,0.1,0,,
2017-10-31,0.028478787652305913,random_forest,2016,0.002294961051439833,alpha,0.1,0,,
2017-11-30,0.021729437543606973,random_forest,2016,-0.007158865649552294,alpha,0.1,0,,
2017-12-29,-0.000500265071130323,random_forest,2016,-0.0061571976743453605,alpha,0.1,0,,
2018-01-31,0.07462853781510125,random_forest,2017,0.017171948220934617,alpha,0.1,0,,
2018-02-28,-0.022401333858774738,random_forest,2017,0.0067949899631477816,alpha,0.1,0,,
2018-03-29,-0.012564577122879856,random_forest,2017,0.003914090378431094,alpha,0.1,0,,
2018-04-30,0.003765689334602019,random_forest,2017,-0.0016550946817752415,alpha,0.1,0,,
2018-05-31,0.04824648814066963,random_forest,2017,0.0032814312588062347,alpha,0.1,0,,
2018-06-29,0.010623336112317238,random_forest,2017,0.0021716343153032284,alpha,0.1,0,,
2018-07-31,0.01847419123709845,random_forest,2017,-0.00938075027184999,alpha,0.1,0,,
2018-08-31,0.05689708511043926,random_forest,2017,0.008462741970581097,alpha,0.1,0,,
2018-09-28,-0.002635580385039825,random_forest,2017,0.00046610686210424475,alpha,0.1,0,,
2018-10-31,-0.09689904223522096,random_forest,2017,-0.002753035113043256,alpha,0.1,0,,
2018-11-30,0.006140389736339104,random_forest,2017,-0.010593790404056795,alpha,0.1,0,,
2018-12-31,-0.08867143368474172,random_forest,2017,0.008363007135120948,alpha,0.1,0,,
2019-01-31,0.10781317335600164,random_forest,2018,0.015325363328675706,alpha,0.1,0,,
2019-02-28,0.048957237143908684,random_forest,2018,0.004077353054561632,alpha,0.1,0,,
2019-03-29,0.01523185432649751,random_forest,2018,0.001933988361191137,alpha,0.1,0,,
2019-04-30,0.041434521471120624,random_forest,2018,0.0022359410881805167,alpha,0.1,0,,
2019-05-31,-0.053907945344476314,random_forest,2018,0.013835072249235456,alpha,0.1,0,,
2019-06-28,0.06943642142489952,random_forest,2018,-0.0038936732109107752,alpha,0.1,0,,
2019-07-31,0.018422515251299062,random_forest,2018,0.007311682220750501,alpha,0.1,0,,
2019-08-30,-0.01884255301005708,random_forest,2018,0.002316031273587732,alpha,0.1,0,,
2019-09-30,-0.019128094040915842,random_forest,2018,-0.018643471496431537,alpha,0.1,0,,
2019-10-31,0.01920663046948834,random_forest,2018,-0.007208722199278372,alpha,0.1,0,,
2019-11-29,0.05256345332868339,random_forest,2018,0.0068433874828731645,alpha,0.1,0,,
2019-12-31,0.019836032339789974,random_forest,2018,-0.006410992276280166,alpha,0.1,0,,
2020-01-31,0.02792926317224222,random_forest,2019,0.02110560677540191,alpha,0.1,0,,
2020-02-28,-0.060529725706323256,random_forest,2019,0.010890405316557182,alpha,0.1,0,,
2020-03-31,-0.12942687069439276,random_forest,2019,0.0003407551923227947,alpha,0.1,0,,
2020-04-30,0.13805642039435564,random_forest,2019,-0.002588210749504549,alpha,0.1,0,,
2020-05-29,0.08919303853791632,random_forest,2019,0.01919098025643079,alpha,0.1,0,,
2020-06-30,0.04147702059897405,random_forest,2019,0.012305384371203518,alpha,0.1,0,,
2020-07-31,0.07116627797490034,random_forest,2019,0.015161588654041096,alpha,0.1,0,,
2020-08-31,0.05757092005131797,random_forest,2019,-0.020477759903283703,alpha,0.1,0,,
2020-09-30,-0.02045201722810274,random_forest,2019,0.00771392738462421,alpha,0.1,0,,
2020-10-30,-0.0077731117648482135,random_forest,2019,0.009579531536379979,alpha,0.1,0,,
2020-11-30,0.11770943971848798,random_forest,2019,-0.013408467193712886,alpha,0.1,0,,
2020-12-31,0.0492118632444231,random_forest,2019,-0.008897976696696147,alpha,0.1,0,,
2021-01-29,0.0015498647456313878,random_forest,2020,-0.001829059973628023,alpha,0.1,0,,
2021-02-26,0.03392385896945542,random_forest,2020,0.005702389216179642,alpha,0.1,0,,
2021-03-31,-0.012204992172556417,random_forest,2020,-0.02097517065565222,alpha,0.1,0,,
2021-04-30,0.0574480683513403,random_forest,2020,0.008466039157157657,alpha,0.1,0,,
2021-05-28,-0.017072511174001243,random_forest,2020,-0.007294486237953304,alpha,0.1,0,,
2021-06-30,0.052099999062502476,random_forest,2020,0.011993785024542646,alpha,0.1,0,,
2021-07-30,0.011189785333716947,random_forest,2020,0.007785997400848765,alpha,0.1,0,,
2021-08-31,0.030867339582633067,random_forest,2020,-0.002121781331365459,alpha,0.1,0,,
2021-09-30,-0.04905837171103592,random_forest,2020,0.0005539807841897504,alpha,0.1,0,,
2021-10-29,0.06738934234043704,random_forest,2020,0.002038084310595073,alpha,0.1,0,,
2021-11-30,-0.03385258512780239,random_forest,2020,-0.006623216022459313,alpha,0.1,0,,
2021-12-31,0.00021304677983170252,random_forest,2020,-0.015442333410085832,alpha,0.1,0,,
2022-01-31,-0.11426208504935872,random_forest,2021,-0.01641621624355656,alpha,0.1,0,,
2022-02-28,-0.026724082247014003,random_forest,2021,-0.0022561391161197084,alpha,0.1,0,,
2022-03-31,0.008239377869630743,random_forest,2021,-0.01846556735450843,alpha,0.1,0,,
2022-04-29,-0.12775289342409288,random_forest,2021,-0.013787477121126601,alpha,0.1,0,,
2022-05-31,-0.034477134174440496,random_forest,2021,-0.014758301995394164,alpha,0.1,0,,
2022-06-30,-0.08281247731534669,random_forest,2021,-0.013907631051168698,alpha,0.1,0,,
2022-07-29,0.11057811619990988,random_forest,2021,-0.004018080650660422,alpha,0.1,0,,
2022-08-31,-0.0347206034460666,random_forest,2021,-0.0033682966493405256,alpha,0.1,0,,
2022-09-30,-0.09595227150791799,random_forest,2021,-0.005425420808842257,alpha,0.1,0,,
2022-10-31,0.064141056777702,random_forest,2021,0.0005942365658035687,alpha,0.1,0,,
2022-11-30,0.04393835701470016,random_forest,2021,0.011216720362598069,alpha,0.1,0,,
2022-12-30,-0.06874814434258232,random_forest,2021,0.00011786266247251764,alpha,0.1,0,,
2023-01-31,0.08528059959472634,random_forest,2022,-0.0007736312839575071,alpha,0.1,0,,
2023-02-28,-0.018305081042181787,random_forest,2022,0.0005618715710343121,alpha,0.1,0,,
2023-03-31,0.0022003494851705933,random_forest,2022,-0.026009503087124738,alpha,0.1,0,,
2023-04-28,-0.0042316620981092574,random_forest,2022,-0.003646362055234928,alpha,0.1,0,,
2023-05-31,0.003055170151671917,random_forest,2022,-0.02505693657775772,alpha,0.1,0,,
2023-06-30,0.06984505340071173,random_forest,2022,-0.0014380822658132675,alpha,0.1,0,,
2023-07-31,0.040506396159477195,random_forest,2022,0.005277785324400992,alpha,0.1,0,,
2023-08-31,-0.02671884560653201,random_forest,2022,-0.00490336716402124,alpha,0.1,0,,
2023-09-29,-0.04753228762696181,random_forest,2022,0.00597471363784674,alpha,0.1,0,,
2023-10-31,-0.04822279656527763,random_forest,2022,-0.013694192993958833,alpha,0.1,0,,
2023-11-30,0.10039938302719283,random_forest,2022,0.002445426130094741,alpha,0.1,0,,
2023-12-29,0.06960045027326332,random_forest,2022,0.010903284627041085,alpha,0.1,0,,
2024-01-31,0.0244422446953236,random_forest,2023,0.016382188697961153,alpha,0.1,0,,
2024-02-29,0.07819833684616387,random_forest,2023,0.013128665959189115,alpha,0.1,0,,
2024-03-28,0.02198132699818348,random_forest,2023,-0.0011565486825105623,alpha,0.1,0,,
2024-04-30,-0.0506388311781728,random_forest,2023,-0.0038472079721223393,alpha,0.1,0,,
2024-05-31,0.051478236924930976,random_forest,2023,-0.0010284504698241173,alpha,0.1,0,,
2024-06-28,0.05725277328882576,random_forest,2023,0.02545452513143084,alpha,0.1,0,,
2024-07-31,-0.015794799643029548,random_forest,2023,-0.038761544195005285,alpha,0.1,0,,
2024-08-30,0.026006873047685678,random_forest,2023,0.01003682914669753,alpha,0.1,0,,
2024-09-30,0.02537710342367367,random_forest,2023,0.0021993553741587596,alpha,0.1,0,,
2024-10-31,0.004403713741577834,random_forest,2023,0.012414339887616421,alpha,0.1,0,,
2024-11-29,0.07882458837640509,random_forest,2023,-0.004118209366868783,alpha,0.1,0,,
2024-12-31,-0.011552856349564898,random_forest,2023,0.01936911742718604,alpha,0.1,0,,
2025-01-31,0.037042500579853234,random_forest,2024,0.0011090040288712771,alpha,0.1,0,,
2025-02-28,-0.03770846292342601,random_forest,2024,0.003664055925806875,alpha,0.1,0,,
2025-03-31,-0.08205802186964523,random_forest,2024,-0.013033544105444023,alpha,0.1,0,,
2025-04-30,0.012917126111097292,random_forest,2024,0.008548073972468883,alpha,0.1,0,,
2025-05-30,0.09233823554450067,random_forest,2024,0.029773090731003593,alpha,0.1,0,,
2025-06-30,0.06887101321750161,random_forest,2024,0.015014024843618717,alpha,0.1,0,,
2025-07-31,0.028692746231469606,random_forest,2024,0.0006807907668178112,alpha,0.1,0,,
2025-08-29,0.015727665058718907,random_forest,2024,-0.005900672849123904,alpha,0.1,0,,
2025-09-30,0.04086559455589727,random_forest,2024,-0.0013337729462235826,alpha,0.1,0,,
2025-10-31,0.02355811874361367,random_forest,2024,-0.012698288926523381,alpha,0.1,0,,
2025-11-28,-0.017192236203401903,random_forest,2024,-0.014091912167170116,alpha,0.1,0,,
2025-12-31,0.006763624637822836,random_forest,2024,0.011881360298546468,alpha,0.1,0,,
1991-01-31,0.07151854894590581,xgboost,1990,0.0073913823962463085,alpha,0.1,0,,
1991-02-28,0.0884210245958135,xgboost,1990,0.004052702707747435,alpha,0.1,0,,
1991-03-28,0.04466180787698016,xgboost,1990,0.0014301249934682778,alpha,0.1,0,,
1991-04-30,0.00011972421417557038,xgboost,1990,0.001477642868212151,alpha,0.1,0,,
1991-05-31,0.053377644900036166,xgboost,1990,0.009352022241746541,alpha,0.1,0,,
1991-06-28,-0.043094188077616655,xgboost,1990,0.005376037522016562,alpha,0.1,0,,
1991-07-31,0.05206584425862189,xgboost,1990,0.002726657518119943,alpha,0.1,0,,
1991-08-30,0.03345402164329497,xgboost,1990,0.0015845978641557644,alpha,0.1,0,,
1991-09-30,0.003985859055728522,xgboost,1990,0.0084791068824329,alpha,0.1,0,,
1991-10-31,0.028608780737721055,xgboost,1990,0.006059423601146998,alpha,0.1,0,,
1991-11-29,-0.042508732908248734,xgboost,1990,-0.004098915233001349,alpha,0.1,0,,
1991-12-31,0.1188555792263424,xgboost,1990,0.0014605773879312056,alpha,0.1,0,,
1992-01-31,0.0035506185591950316,xgboost,1991,-0.0019513761356580264,alpha,0.1,0,,
1992-02-28,0.01515963248293285,xgboost,1991,0.009834058526563924,alpha,0.1,0,,
1992-03-31,-0.028842811450513466,xgboost,1991,0.002892094718905079,alpha,0.1,0,,
1992-04-30,-0.014613767432990367,xgboost,1991,-0.006324586659755308,alpha,0.1,0,,
1992-05-29,0.012925480773049725,xgboost,1991,0.007832112576581224,alpha,0.1,0,,
1992-06-30,-0.018421455122550272,xgboost,1991,0.012386802469478542,alpha,0.1,0,,
1992-07-31,0.0428547138841972,xgboost,1991,0.0016070963933514232,alpha,0.1,0,,
1992-08-31,-0.020959299636219165,xgboost,1991,0.000894857419027454,alpha,0.1,0,,
1992-09-30,0.02892383099501379,xgboost,1991,0.01310760437339441,alpha,0.1,0,,
1992-10-30,0.026082626562389327,xgboost,1991,0.005957642359906406,alpha,0.1,0,,
1992-11-30,0.04482572099339242,xgboost,1991,-0.01121164899441035,alpha,0.1,0,,
1992-12-31,0.018435386884488293,xgboost,1991,-0.0009794475584195134,alpha,0.1,0,,
1993-01-29,0.009302628087428249,xgboost,1992,0.001224291379716933,alpha,0.1,0,,
1993-02-26,-0.022181157041766767,xgboost,1992,-0.0070216425297514665,alpha,0.1,0,,
1993-03-31,0.022831992935417378,xgboost,1992,-0.002115106069006313,alpha,0.1,0,,
1993-04-30,-0.02744965395871118,xgboost,1992,0.0037182668311160315,alpha,0.1,0,,
1993-05-28,0.027853510141776002,xgboost,1992,-0.0127632854203444,alpha,0.1,0,,
1993-06-30,0.00624682741676357,xgboost,1992,0.0025529821588684155,alpha,0.1,0,,
1993-07-30,-0.0011749014475928177,xgboost,1992,0.0013191195942012543,alpha,0.1,0,,
1993-08-31,0.04039937078259684,xgboost,1992,-0.0017300714963342859,alpha,0.1,0,,
1993-09-30,0.007919666099939849,xgboost,1992,-0.0011027841548334324,alpha,0.1,0,,
1993-10-29,0.006983060027833087,xgboost,1992,-0.013540591173447492,alpha,0.1,0,,
1993-11-30,-0.025721411308812014,xgboost,1992,-0.0055361185367256045,alpha,0.1,0,,
1993-12-31,0.027358947926066877,xgboost,1992,0.005703722363116594,alpha,0.1,0,,
1994-01-31,0.039826070568953986,xgboost,1993,0.010555698893689004,alpha,0.1,0,,
1994-02-28,-0.026656058697191627,xgboost,1993,-0.00941692364095752,alpha,0.1,0,,
1994-03-31,-0.04009281697028924,xgboost,1993,0.012424918438299258,alpha,0.1,0,,
1994-04-29,0.01861367504812806,xgboost,1993,0.015520527423289875,alpha,0.1,0,,
1994-05-31,0.01700534644163893,xgboost,1993,0.01590736703929764,alpha,0.1,0,,
1994-06-30,-0.01753861672809285,xgboost,1993,0.016508885122597995,alpha,0.1,0,,
1994-07-29,0.026617157670749902,xgboost,1993,-0.0006155144573827022,alpha,0.1,0,,
1994-08-31,0.043480675569159875,xgboost,1993,-0.00825384491270651,alpha,0.1,0,,
1994-09-30,-0.023947608026704117,xgboost,1993,-0.010413327218994652,alpha,0.1,0,,
1994-10-31,0.009536456879362895,xgboost,1993,-0.006731829078009998,alpha,0.1,0,,
1994-11-30,-0.03558439673100471,xgboost,1993,-0.00017725258936446275,alpha,0.1,0,,
1994-12-30,0.008695673800590286,xgboost,1993,-0.004749295572091893,alpha,0.1,0,,
1995-01-31,0.017715052607715942,xgboost,1994,0.004167872068851029,alpha,0.1,0,,
1995-02-28,0.03914710763105695,xgboost,1994,0.0008990213842674372,alpha,0.1,0,,
1995-03-31,0.028695889892129418,xgboost,1994,0.0009275925135946925,alpha,0.1,0,,
1995-04-28,0.02158317950999182,xgboost,1994,-0.0006666221607805056,alpha,0.1,0,,
1995-05-31,0.03427988820100409,xgboost,1994,0.007164280610945723,alpha,0.1,0,,
1995-06-30,0.039393685200374014,xgboost,1994,-0.006551108556307056,alpha,0.1,0,,
1995-07-31,0.051567826686645585,xgboost,1994,0.0006334863688745793,alpha,0.1,0,,
1995-08-31,0.018264788888909006,xgboost,1994,0.008853862862795318,alpha,0.1,0,,
1995-09-29,0.03928864291723647,xgboost,1994,0.005262981750010238,alpha,0.1,0,,
1995-10-31,-0.02750943057305693,xgboost,1994,-0.009572860440267023,alpha,0.1,0,,
1995-11-30,0.04575855925341021,xgboost,1994,0.005831343571677777,alpha,0.1,0,,
1995-12-29,0.023772304747890455,xgboost,1994,0.009880003124291374,alpha,0.1,0,,
1996-01-31,0.017605428706941564,xgboost,1995,3.4585857943015413e-06,alpha,0.1,0,,
1996-02-29,0.027918378496231057,xgboost,1995,0.002977273149238624,alpha,0.1,0,,
1996-03-29,0.013942632322625267,xgboost,1995,0.0005648572424100853,alpha,0.1,0,,
1996-04-30,0.043179602593538084,xgboost,1995,0.0014035686091205882,alpha,0.1,0,,
1996-05-31,0.0204370234543418,xgboost,1995,-0.01591943181135105,alpha,0.1,0,,
1996-06-28,-0.020596057002402638,xgboost,1995,0.0012647428662224368,alpha,0.1,0,,
1996-07-31,-0.06353237268149492,xgboost,1995,0.011844101128003007,alpha,0.1,0,,
1996-08-30,0.040450229615077236,xgboost,1995,-0.0016709292834771947,alpha,0.1,0,,
1996-09-30,0.053705118103206356,xgboost,1995,-0.004355970482715216,alpha,0.1,0,,
1996-10-31,-0.0003185124848398299,xgboost,1995,0.004050298829377461,alpha,0.1,0,,
1996-11-29,0.05481205657501563,xgboost,1995,-0.0011667874522612726,alpha,0.1,0,,
1996-12-31,-0.010090826211412409,xgboost,1995,-0.00018031587082054448,alpha,0.1,0,,
1997-01-31,0.03708927639017114,xgboost,1996,-0.014947583622302488,alpha,0.1,0,,
1997-02-28,-0.028092169739096035,xgboost,1996,-0.009049826501510528,alpha,0.1,0,,
1997-03-31,-0.055376728810901166,xgboost,1996,-0.002396455380616898,alpha,0.1,0,,
1997-04-30,0.006084646138128797,xgboost,1996,-0.027884662574431514,alpha,0.1,0,,
1997-05-30,0.09553203600331142,xgboost,1996,0.006141776528779036,alpha,0.1,0,,
1997-06-30,0.03967588438705976,xgboost,1996,-0.005682349767416384,alpha,0.1,0,,
1997-07-31,0.06791281570743642,xgboost,1996,-0.009506764666903797,alpha,0.1,0,,
1997-08-29,-0.006542180069602681,xgboost,1996,0.01660603905981497,alpha,0.1,0,,
1997-09-30,0.07017429166855188,xgboost,1996,0.004060153314282673,alpha,0.1,0,,
1997-10-31,-0.043968572852706736,xgboost,1996,-0.002228622692703297,alpha,0.1,0,,
1997-11-28,-0.0020158458925348837,xgboost,1996,-0.019240674939236244,alpha,0.1,0,,
1997-12-31,0.006555861249416449,xgboost,1996,-0.0015610385992520692,alpha,0.1,0,,
1998-01-30,-0.007451841084991681,xgboost,1997,-0.012608954290332972,alpha,0.1,0,,
1998-02-27,0.07191900783146529,xgboost,1997,-0.007661898104167578,alpha,0.1,0,,
1998-03-31,0.04712131095152465,xgboost,1997,-0.003300960704448505,alpha,0.1,0,,
1998-04-30,0.007445093199501087,xgboost,1997,-0.005612136448355901,alpha,0.1,0,,
1998-05-29,-0.03166432281526625,xgboost,1997,0.008665565648152143,alpha,0.1,0,,
1998-06-30,0.010564641939167974,xgboost,1997,-0.02871836879019708,alpha,0.1,0,,
1998-07-31,-0.04258657474226732,xgboost,1997,-0.012806380385103004,alpha,0.1,0,,
1998-08-31,-0.16470203691517554,xgboost,1997,0.017186305503732735,alpha,0.1,0,,
1998-09-30,0.06108218769651822,xgboost,1997,-0.01361280585334311,alpha,0.1,0,,
1998-10-30,0.06879543420121983,xgboost,1997,0.0028914713064373404,alpha,0.1,0,,
1998-11-30,0.04972429203487309,xgboost,1997,-0.022036767651709824,alpha,0.1,0,,
1998-12-31,0.04847437282225525,xgboost,1997,-0.02797205060423394,alpha,0.1,0,,
1999-01-29,0.045935009791272595,xgboost,1998,-0.009469669749551032,alpha,0.1,0,,
1999-02-26,-0.04963932947723964,xgboost,1998,0.0054330925158337234,alpha,0.1,0,,
1999-03-31,0.06075146636248924,xgboost,1998,0.02234881345633785,alpha,0.1,0,,
1999-04-30,0.03593660893854531,xgboost,1998,-0.015031999318946172,alpha,0.1,0,,
1999-05-28,-0.015719068116216022,xgboost,1998,0.008850641447535126,alpha,0.1,0,,
1999-06-30,0.06961335782195936,xgboost,1998,0.004074048084378085,alpha,0.1,0,,
1999-07-30,-0.019178051141002808,xgboost,1998,0.01159552877037159,alpha,0.1,0,,
1999-08-31,-0.004751266311879948,xgboost,1998,0.0060296349074184085,alpha,0.1,0,,
1999-09-30,-0.0027851831468179646,xgboost,1998,0.008076751716523944,alpha,0.1,0,,
1999-10-29,0.06302162885426058,xgboost,1998,0.0038207857712928978,alpha,0.1,0,,
1999-11-30,0.06662628244264673,xgboost,1998,0.002489059300318182,alpha,0.1,0,,
1999-12-31,0.12169878997359115,xgboost,1998,0.00015917703367121505,alpha,0.1,0,,
2000-01-31,-0.02223679388486462,xgboost,1999,0.012443443730791974,alpha,0.1,0,,
2000-02-29,0.11532000161775902,xgboost,1999,0.012869958794428787,alpha,0.1,0,,
2000-03-31,0.027959759065446173,xgboost,1999,0.02254393654171952,alpha,0.1,0,,
2000-04-28,-0.06451165911859083,xgboost,1999,0.03077654797457649,alpha,0.1,0,,
2000-05-31,-0.05960185021722478,xgboost,1999,0.0016780312960344573,alpha,0.1,0,,
2000-06-30,0.08343190234470414,xgboost,1999,-0.015192314478260999,alpha,0.1,0,,
2000-07-31,-0.026908342298438255,xgboost,1999,0.013878823885797135,alpha,0.1,0,,
2000-08-31,0.0927522237317034,xgboost,1999,0.014486161481783666,alpha,0.1,0,,
2000-09-29,-0.06274826847801494,xgboost,1999,0.004582881870239627,alpha,0.1,0,,
2000-10-31,-0.04127796838935276,xgboost,1999,0.008709277383980411,alpha,0.1,0,,
2000-11-30,-0.12850702494927663,xgboost,1999,0.01392114492054225,alpha,0.1,0,,
2000-12-29,0.01849822405601199,xgboost,1999,0.01024403070343641,alpha,0.1,0,,
2001-01-31,0.037434984999051873,xgboost,2000,-0.019447323901303652,alpha,0.1,0,,
2001-02-28,-0.14284034897935136,xgboost,2000,-0.020641032558038536,alpha,0.1,0,,
2001-03-30,-0.09761927170349016,xgboost,2000,-0.021088162353090675,alpha,0.1,0,,
2001-04-30,0.1113529174064662,xgboost,2000,0.0196622269576278,alpha,0.1,0,,
2001-05-31,0.003687656627276851,xgboost,2000,-0.007159453516006298,alpha,0.1,0,,
2001-06-29,-0.009944619441074913,xgboost,2000,-0.00928187284420578,alpha,0.1,0,,
2001-07-31,-0.04204398653083687,xgboost,2000,-0.0034480309774575432,alpha,0.1,0,,
2001-08-31,-0.06350807848221704,xgboost,2000,0.007407489031829195,alpha,0.1,0,,
2001-09-28,-0.11936789968595438,xgboost,2000,-0.011018428740390177,alpha,0.1,0,,
2001-10-31,0.050302310766778956,xgboost,2000,-0.0016390943787192094,alpha,0.1,0,,
2001-11-30,0.08622496348026716,xgboost,2000,0.009554559636710272,alpha,0.1,0,,
2001-12-31,0.03039316342798054,xgboost,2000,0.003353373058309503,alpha,0.1,0,,
2002-01-31,-0.0033987626118997254,xgboost,2001,0.018274520609536958,alpha,0.1,0,,
2002-02-28,-0.0343926025587922,xgboost,2001,0.0033183404794324897,alpha,0.1,0,,
2002-03-28,0.052550643524715376,xgboost,2001,0.001714570860425084,alpha,0.1,0,,
2002-04-30,-0.045296188227016886,xgboost,2001,0.00643545283498663,alpha,0.1,0,,
2002-05-31,-0.006429545934537119,xgboost,2001,0.01845524861008057,alpha,0.1,0,,
2002-06-28,-0.07039494482577009,xgboost,2001,-0.0007971319035787877,alpha,0.1,0,,
2002-07-31,-0.088628007471434,xgboost,2001,0.0010991643111860766,alpha,0.1,0,,
2002-08-30,0.01570827793735559,xgboost,2001,0.013408290466805528,alpha,0.1,0,,
2002-09-30,-0.07148924349831408,xgboost,2001,0.021987759286142425,alpha,0.1,0,,
2002-10-31,0.034457250992448285,xgboost,2001,-0.040781564618963886,alpha,0.1,0,,
2002-11-29,0.05815051926615012,xgboost,2001,-0.0038466311339946588,alpha,0.1,0,,
2002-12-31,-0.03645593557411958,xgboost,2001,0.02063666045813306,alpha,0.1,0,,
2003-01-31,-0.01886536878837486,xgboost,2002,0.0032527010047189407,alpha,0.1,0,,
2003-02-28,-0.013105697042050468,xgboost,2002,0.004272377669776957,alpha,0.1,0,,
2003-03-31,0.01774152549497704,xgboost,2002,0.0017265057092842335,alpha,0.1,0,,
2003-04-30,0.07704026414719727,xgboost,2002,-0.006046129596710609,alpha,0.1,0,,
2003-05-30,0.07406581829405795,xgboost,2002,0.006454432927068349,alpha,0.1,0,,
2003-06-30,0.01527634835264877,xgboost,2002,-0.002808605771902735,alpha,0.1,0,,
2003-07-31,0.037694676323314955,xgboost,2002,0.002184197573963674,alpha,0.1,0,,
2003-08-29,0.039673946850089965,xgboost,2002,0.0141888315632322,alpha,0.1,0,,
2003-09-30,-0.01843719034719219,xgboost,2002,-0.0062579260800090224,alpha,0.1,0,,
2003-10-31,0.0739441584691306,xgboost,2002,0.009214427002798481,alpha,0.1,0,,
2003-11-28,0.0207367134205795,xgboost,2002,0.0061233910228354164,alpha,0.1,0,,
2003-12-31,0.02089509944173227,xgboost,2002,-0.012279458782685184,alpha,0.1,0,,
2004-01-30,0.02123184649319771,xgboost,2003,-0.0023535431407841617,alpha,0.1,0,,
2004-02-27,0.006329463350171009,xgboost,2003,-0.004873687751508161,alpha,0.1,0,,
2004-03-31,-0.0010438289896846902,xgboost,2003,0.00729195302072946,alpha,0.1,0,,
2004-04-30,-0.039906552590956004,xgboost,2003,-0.02104538928331401,alpha,0.1,0,,
2004-05-28,0.022046828508220657,xgboost,2003,0.008543464541626033,alpha,0.1,0,,
2004-06-30,0.018702294018560828,xgboost,2003,-0.004682060925603488,alpha,0.1,0,,
2004-07-30,-0.062090099564474976,xgboost,2003,-0.010234782540316519,alpha,0.1,0,,
2004-08-31,-0.008569338229498345,xgboost,2003,-0.007369434259008778,alpha,0.1,0,,
2004-09-30,0.033012674023087094,xgboost,2003,0.0031831830530697942,alpha,0.1,0,,
2004-10-29,0.016891772204543923,xgboost,2003,0.0016905836817293924,alpha,0.1,0,,
2004-11-30,0.05468284603123981,xgboost,2003,-0.0006641769096923655,alpha,0.1,0,,
2004-12-31,0.039370086913380536,xgboost,2003,0.004142299366501678,alpha,0.1,0,,
2005-01-31,-0.025561410083502996,xgboost,2004,0.004054993726426811,alpha,0.1,0,,
2005-02-28,0.026209401966982022,xgboost,2004,0.0074176056327772966,alpha,0.1,0,,
2005-03-31,-0.019389526686894688,xgboost,2004,0.005260150924874134,alpha,0.1,0,,
2005-04-29,-0.02697524344596091,xgboost,2004,0.004717393734874429,alpha,0.1,0,,
2005-05-31,0.047966238611209064,xgboost,2004,0.0022273249044813467,alpha,0.1,0,,
2005-06-30,0.026195689361758718,xgboost,2004,0.013855497197702488,alpha,0.1,0,,
2005-07-29,0.056853422380874125,xgboost,2004,0.006487176600348581,alpha,0.1,0,,
2005-08-31,-0.00037500530114530187,xgboost,2004,0.009931473798597587,alpha,0.1,0,,
2005-09-30,0.025994015941425024,xgboost,2004,0.017648662882038958,alpha,0.1,0,,
2005-10-31,-0.02971763380295871,xgboost,2004,-0.010705222520187893,alpha,0.1,0,,
2005-11-30,0.043392409604206886,xgboost,2004,-0.0015802793711399074,alpha,0.1,0,,
2005-12-30,0.007645882136259448,xgboost,2004,0.007685569451351569,alpha,0.1,0,,
2006-01-31,0.05553790644861756,xgboost,2005,0.009054020777714555,alpha,0.1,0,,
2006-02-28,-0.0182786706509507,xgboost,2005,-0.014764176740358903,alpha,0.1,0,,
2006-03-31,0.021842991589252687,xgboost,2005,-0.0036957311399009943,alpha,0.1,0,,
2006-04-28,0.01591307707159226,xgboost,2005,0.010180875920130079,alpha,0.1,0,,
2006-05-31,-0.04239217611446206,xgboost,2005,0.001999315083930059,alpha,0.1,0,,
2006-06-30,0.0009172006725700018,xgboost,2005,0.0021350657548365004,alpha,0.1,0,,
2006-07-31,-0.01188555358220958,xgboost,2005,0.0054387398125245075,alpha,0.1,0,,
2006-08-31,0.013248367909790917,xgboost,2005,-0.011289484677037241,alpha,0.1,0,,
2006-09-29,0.0095652791968961,xgboost,2005,-0.008341606784663592,alpha,0.1,0,,
2006-10-31,0.035400739394774755,xgboost,2005,-0.00475946149984155,alpha,0.1,0,,
2006-11-30,0.02963452504391723,xgboost,2005,0.006513584838894405,alpha,0.1,0,,
2006-12-29,0.004379266350706378,xgboost,2005,-0.001513616315877414,alpha,0.1,0,,
2007-01-31,0.0269398229740306,xgboost,2006,0.00866294834586341,alpha,0.1,0,,
2007-02-28,-0.010396261535976968,xgboost,2006,0.0017324770980798026,alpha,0.1,0,,
2007-03-30,0.012886886775634689,xgboost,2006,-0.001333728193945144,alpha,0.1,0,,
2007-04-30,0.036112440805154036,xgboost,2006,0.002007292974313152,alpha,0.1,0,,
2007-05-31,0.0411732974741766,xgboost,2006,0.0027870453863544364,alpha,0.1,0,,
2007-06-29,-0.011881505950370677,xgboost,2006,0.001602249857509258,alpha,0.1,0,,
2007-07-31,-0.022037260141975195,xgboost,2006,0.01058226685090629,alpha,0.1,0,,
2007-08-31,0.01040619395280659,xgboost,2006,-0.00667440593255477,alpha,0.1,0,,
2007-09-28,0.057983010779187154,xgboost,2006,0.01808459793346629,alpha,0.1,0,,
2007-10-31,0.044489623436951044,xgboost,2006,0.01807994456796932,alpha,0.1,0,,
2007-11-30,-0.04937974149648523,xgboost,2006,0.0005411279963258298,alpha,0.1,0,,
2007-12-31,0.0010494606424503432,xgboost,2006,0.0027210581443309362,alpha,0.1,0,,
2008-01-31,-0.08522691287437457,xgboost,2007,-0.010058532276824725,alpha,0.1,0,,
2008-02-29,-0.004580246546373778,xgboost,2007,0.02263499347210531,alpha,0.1,0,,
2008-03-31,-0.018746225894198068,xgboost,2007,-0.011950664595823918,alpha,0.1,0,,
2008-04-30,0.06540649564105283,xgboost,2007,0.016375559867573816,alpha,0.1,0,,
2008-05-30,0.04640092608939797,xgboost,2007,0.01795630451480595,alpha,0.1,0,,
2008-06-30,-0.049811282237457316,xgboost,2007,0.026555279854344867,alpha,0.1,0,,
2008-07-31,-0.039417071963798976,xgboost,2007,-0.0327849481606832,alpha,0.1,0,,
2008-08-29,0.001297295736972645,xgboost,2007,-0.015654027072388096,alpha,0.1,0,,
2008-09-30,-0.12471242956481011,xgboost,2007,-0.02244665590830411,alpha,0.1,0,,
2008-10-31,-0.20488311152671174,xgboost,2007,-0.027556889506793747,alpha,0.1,0,,
2008-11-28,-0.09304050929643057,xgboost,2007,-0.009300497371724004,alpha,0.1,0,,
2008-12-31,0.03138816216764077,xgboost,2007,0.006749136769469578,alpha,0.1,0,,
2009-01-30,-0.07278163384686233,xgboost,2008,-0.000383811702808462,alpha,0.1,0,,
2009-02-27,-0.09329394004972244,xgboost,2008,0.001692631929113786,alpha,0.1,0,,
2009-03-31,0.07543003828266041,xgboost,2008,-0.013425639703746287,alpha,0.1,0,,
2009-04-30,0.14396966958413618,xgboost,2008,0.049209816684162064,alpha,0.1,0,,
2009-05-29,0.04502367885891564,xgboost,2008,-0.0012264155432394272,alpha,0.1,0,,
2009-06-30,0.0009770957568967377,xgboost,2008,-0.014861643213672057,alpha,0.1,0,,
2009-07-31,0.08211762352484128,xgboost,2008,0.011955442148537512,alpha,0.1,0,,
2009-08-31,0.04419753875090571,xgboost,2008,0.02531055374860359,alpha,0.1,0,,
2009-09-30,0.05641488996560715,xgboost,2008,0.014803872273994656,alpha,0.1,0,,
2009-10-30,-0.034559027007456306,xgboost,2008,-0.0033379148071347765,alpha,0.1,0,,
2009-11-30,0.05753216814078671,xgboost,2008,0.0073342490029350005,alpha,0.1,0,,
2009-12-31,0.047579147849435434,xgboost,2008,0.007095040186957377,alpha,0.1,0,,
2010-01-29,-0.04922538180304096,xgboost,2009,-0.014148403685828655,alpha,0.1,0,,
2010-02-26,0.03989103312245753,xgboost,2009,0.0069225513209788606,alpha,0.1,0,,
2010-03-31,0.06659371588658733,xgboost,2009,0.002847010999617358,alpha,0.1,0,,
2010-04-30,0.016894800328319522,xgboost,2009,-0.007748175829494726,alpha,0.1,0,,
2010-05-28,-0.07474234952358894,xgboost,2009,0.0024554333249649785,alpha,0.1,0,,
2010-06-30,-0.055959711347370863,xgboost,2009,-0.002080289601269332,alpha,0.1,0,,
2010-07-30,0.06608086260842867,xgboost,2009,-0.0013979421051564245,alpha,0.1,0,,
2010-08-31,-0.043761997759760675,xgboost,2009,0.006152044434624054,alpha,0.1,0,,
2010-09-30,0.11273236818178554,xgboost,2009,0.006240615981171968,alpha,0.1,0,,
2010-10-29,0.04298554227419027,xgboost,2009,-3.0319093449165946e-05,alpha,0.1,0,,
2010-11-30,0.020897418139413083,xgboost,2009,0.008970591196359118,alpha,0.1,0,,
2010-12-31,0.05891034577516413,xgboost,2009,-0.004625562438932668,alpha,0.1,0,,
2011-01-31,0.006775027321254689,xgboost,2010,-0.007159559577466096,alpha,0.1,0,,
2011-02-28,0.0450749088537235,xgboost,2010,0.006979135509096977,alpha,0.1,0,,
2011-03-31,0.01829873394918223,xgboost,2010,0.006672631914096713,alpha,0.1,0,,
2011-04-29,0.033259925417327495,xgboost,2010,0.002229360145665167,alpha,0.1,0,,
2011-05-31,-0.01932827932870388,xgboost,2010,-0.0074177453970798585,alpha,0.1,0,,
2011-06-30,-0.01824125691807945,xgboost,2010,-0.001977505230519351,alpha,0.1,0,,
2011-07-29,-0.022654774012168317,xgboost,2010,0.0017955531186662939,alpha,0.1,0,,
2011-08-31,-0.06313012291683594,xgboost,2010,0.002878046578928997,alpha,0.1,0,,
2011-09-30,-0.10108701027543546,xgboost,2010,-0.016895132186899517,alpha,0.1,0,,
2011-10-31,0.12390551588709899,xgboost,2010,0.001116462821240824,alpha,0.1,0,,
2011-11-30,-0.00900227746658773,xgboost,2010,-0.0037133902258212398,alpha,0.1,0,,
2011-12-30,-0.02494781950256727,xgboost,2010,-0.026051897886477004,alpha,0.1,0,,
2012-01-31,0.06364180119700726,xgboost,2011,0.006894681358466451,alpha,0.1,0,,
2012-02-29,0.04246352153280093,xgboost,2011,0.0017222819855037957,alpha,0.1,0,,
2012-03-30,0.021025330555585357,xgboost,2011,-0.007906473909493311,alpha,0.1,0,,
2012-04-30,-0.009010584156086332,xgboost,2011,0.00035152594583380894,alpha,0.1,0,,
2012-05-31,-0.07317772880794661,xgboost,2011,-0.009181363129575515,alpha,0.1,0,,
2012-06-29,0.035955009456834344,xgboost,2011,-0.004162266434424466,alpha,0.1,0,,
2012-07-31,-0.005031339987438116,xgboost,2011,-0.007676234391122934,alpha,0.1,0,,
2012-08-31,0.03161121766736929,xgboost,2011,0.004671859975380173,alpha,0.1,0,,
2012-09-28,0.026669711134001198,xgboost,2011,0.0015268905932304018,alpha,0.1,0,,
2012-10-31,-0.022051574847417082,xgboost,2011,0.003628420942505567,alpha,0.1,0,,
2012-11-30,0.007990128096123634,xgboost,2011,-0.00023008843848108286,alpha,0.1,0,,
2012-12-31,0.018291728592190065,xgboost,2011,0.0071685927237234055,alpha,0.1,0,,
2013-01-31,0.053656681278415545,xgboost,2012,-0.0006905434053645493,alpha,0.1,0,,
2013-02-28,0.0064629461649092805,xgboost,2012,-0.005823960590998905,alpha,0.1,0,,
2013-03-28,0.03568129961277821,xgboost,2012,-0.0049910295818342415,alpha,0.1,0,,
2013-04-30,0.010323843409068667,xgboost,2012,0.0005311393345046895,alpha,0.1,0,,
2013-05-31,0.029114196235825326,xgboost,2012,-0.0027688036630600585,alpha,0.1,0,,
2013-06-28,-0.01235911448615765,xgboost,2012,-0.003941086860821447,alpha,0.1,0,,
2013-07-31,0.06425966207838363,xgboost,2012,0.0037237693353695533,alpha,0.1,0,,
2013-08-30,-0.012657156965132536,xgboost,2012,0.008829663363431668,alpha,0.1,0,,
2013-09-30,0.053398636513498035,xgboost,2012,0.00528944089987967,alpha,0.1,0,,
2013-10-31,0.03322949927203627,xgboost,2012,-0.00035185396027512944,alpha,0.1,0,,
2013-11-29,0.030687595463841387,xgboost,2012,-0.0030591846459662383,alpha,0.1,0,,
2013-12-31,0.030759510882803168,xgboost,2012,0.0031216482595925223,alpha,0.1,0,,
2014-01-31,-0.009015915383081528,xgboost,2013,0.014026664220208252,alpha,0.1,0,,
2014-02-28,0.05647321359472594,xgboost,2013,0.006966220675077871,alpha,0.1,0,,
2014-03-31,-0.031127125957741985,xgboost,2013,-0.021478361069494127,alpha,0.1,0,,
2014-04-30,-0.037330138658738354,xgboost,2013,-0.01992376389828943,alpha,0.1,0,,
2014-05-30,0.021688141118411376,xgboost,2013,0.0028330540894046866,alpha,0.1,0,,
2014-06-30,0.043760690668928806,xgboost,2013,0.0057890627948542425,alpha,0.1,0,,
2014-07-31,-0.029561787977117164,xgboost,2013,0.0007404826799831087,alpha,0.1,0,,
2014-08-29,0.04339370327280247,xgboost,2013,-0.0023417951940429144,alpha,0.1,0,,
2014-09-30,-0.025889530033431703,xgboost,2013,-0.0006583197972552454,alpha,0.1,0,,
2014-10-31,0.03249370571479162,xgboost,2013,-0.0016222126075943893,alpha,0.1,0,,
2014-11-28,0.018234941590398488,xgboost,2013,-0.004892865985080885,alpha,0.1,0,,
2014-12-31,-0.002588808355826864,xgboost,2013,-0.005477445690512138,alpha,0.1,0,,
2015-01-30,-0.021066000961288984,xgboost,2014,0.005414436990964937,alpha,0.1,0,,
2015-02-27,0.06318622978917766,xgboost,2014,-0.0036245524524983613,alpha,0.1,0,,
2015-03-31,-0.006586406745922769,xgboost,2014,-0.00412566120218048,alpha,0.1,0,,
2015-04-30,0.0014120133757195674,xgboost,2014,0.005222985688802948,alpha,0.1,0,,
2015-05-29,0.018947515541618096,xgboost,2014,-0.0029121059839010595,alpha,0.1,0,,
2015-06-30,-0.011696988744323383,xgboost,2014,-0.006163318134658691,alpha,0.1,0,,
2015-07-31,0.014931258341953378,xgboost,2014,-0.0038063814139576435,alpha,0.1,0,,
2015-08-31,-0.06394253240246497,xgboost,2014,0.002363332493956913,alpha,0.1,0,,
2015-09-30,-0.042627208704614866,xgboost,2014,-0.007139250609678904,alpha,0.1,0,,
2015-10-30,0.07192758017515487,xgboost,2014,0.000855946538618993,alpha,0.1,0,,
2015-11-30,0.011345104844933156,xgboost,2014,-0.0063992429004683694,alpha,0.1,0,,
2015-12-31,-0.020006654323395042,xgboost,2014,0.0036765727129912454,alpha,0.1,0,,
2016-01-29,-0.07443484044362773,xgboost,2015,-0.0011300836045705503,alpha,0.1,0,,
2016-02-29,-0.007963676216640785,xgboost,2015,-0.0019716645989530587,alpha,0.1,0,,
2016-03-31,0.06474519344823854,xgboost,2015,-0.0031757030982490914,alpha,0.1,0,,
2016-04-29,0.001951223778669212,xgboost,2015,-0.0036967710742712785,alpha,0.1,0,,
2016-05-31,0.024544685066967782,xgboost,2015,0.0004299432266966427,alpha,0.1,0,,
2016-06-30,-0.00021035972240334523,xgboost,2015,0.00014292249864951108,alpha,0.1,0,,
2016-07-29,0.047659748188539595,xgboost,2015,0.002409497001696667,alpha,0.1,0,,
2016-08-31,0.0010735841146119847,xgboost,2015,-0.004819963824722651,alpha,0.1,0,,
2016-09-30,0.011088805487782532,xgboost,2015,0.0012326076136273435,alpha,0.1,0,,
2016-10-31,-0.03328700266887051,xgboost,2015,0.00018543773863523988,alpha,0.1,0,,
2016-11-30,0.024447758779619782,xgboost,2015,-0.021498033023947198,alpha,0.1,0,,
2016-12-30,0.005584306937598045,xgboost,2015,-0.009216420405331585,alpha,0.1,0,,
2017-01-31,0.03413251848001092,xgboost,2016,0.012332362248339713,alpha,0.1,0,,
2017-02-28,0.034529050005789326,xgboost,2016,-0.0004036066884637521,alpha,0.1,0,,
2017-03-31,0.009102786853088417,xgboost,2016,0.0014669956150717475,alpha,0.1,0,,
2017-04-28,0.018847007568480702,xgboost,2016,0.003422838348464118,alpha,0.1,0,,
2017-05-31,0.024663301212383748,xgboost,2016,0.012783990715322293,alpha,0.1,0,,
2017-06-30,0.007581773168037656,xgboost,2016,-0.006186197427282154,alpha,0.1,0,,
2017-07-31,0.022469535968863384,xgboost,2016,0.004319793558432192,alpha,0.1,0,,
2017-08-31,0.00829367590388026,xgboost,2016,0.0019981301734436257,alpha,0.1,0,,
2017-09-29,0.016950718835762702,xgboost,2016,-0.013216817048017034,alpha,0.1,0,,
2017-10-31,0.026744543614282395,xgboost,2016,0.0014100728510023815,alpha,0.1,0,,
2017-11-30,0.023521006895063305,xgboost,2016,-0.004739693890733646,alpha,0.1,0,,
2017-12-29,-0.0007808381777088371,xgboost,2016,-0.0060619802003148435,alpha,0.1,0,,
2018-01-31,0.07232258474087143,xgboost,2017,0.016182953555757107,alpha,0.1,0,,
2018-02-28,-0.022975700099254637,xgboost,2017,0.005874082864282912,alpha,0.1,0,,
2018-03-29,-0.01200112397719228,xgboost,2017,0.003237591394533822,alpha,0.1,0,,
2018-04-30,0.004016926043758488,xgboost,2017,-0.0019396899784254627,alpha,0.1,0,,
2018-05-31,0.04852484665599418,xgboost,2017,0.002296223288695172,alpha,0.1,0,,
2018-06-29,0.010889810735823607,xgboost,2017,0.0025066076368573144,alpha,0.1,0,,
2018-07-31,0.017288272027635197,xgboost,2017,-0.009589124492449877,alpha,0.1,0,,
2018-08-31,0.05564310386069842,xgboost,2017,0.007379013577136849,alpha,0.1,0,,
2018-09-28,-0.002126582147339259,xgboost,2017,0.0017150730867319269,alpha,0.1,0,,
2018-10-31,-0.09277978958266964,xgboost,2017,0.001735860050386881,alpha,0.1,0,,
2018-11-30,0.0075743160681105435,xgboost,2017,-0.008770231303682876,alpha,0.1,0,,
2018-12-31,-0.0873888063689695,xgboost,2017,0.00961794331697012,alpha,0.1,0,,
2019-01-31,0.10275090681401039,xgboost,2018,0.010743192037155638,alpha,0.1,0,,
2019-02-28,0.0475481852427473,xgboost,2018,0.002675602607249361,alpha,0.1,0,,
2019-03-29,0.0158122373195665,xgboost,2018,0.0038388552009086217,alpha,0.1,0,,
2019-04-30,0.040209823828051355,xgboost,2018,0.002068048623984957,alpha,0.1,0,,
2019-05-31,-0.054310953266077766,xgboost,2018,0.012775436250935336,alpha,0.1,0,,
2019-06-28,0.06688427519117318,xgboost,2018,-0.005665290504937012,alpha,0.1,0,,
2019-07-31,0.015195003814160606,xgboost,2018,0.004504168785551403,alpha,0.1,0,,
2019-08-30,-0.018751284142791282,xgboost,2018,0.00300621167729246,alpha,0.1,0,,
2019-09-30,-0.015146351403861322,xgboost,2018,-0.014715507987802136,alpha,0.1,0,,
2019-10-31,0.020556206033753358,xgboost,2018,-0.005566492066963306,alpha,0.1,0,,
2019-11-29,0.04877975898467417,xgboost,2018,0.0035280818863685226,alpha,0.1,0,,
2019-12-31,0.021313573352556913,xgboost,2018,-0.005038327070077623,alpha,0.1,0,,
2020-01-31,0.024247367493754005,xgboost,2019,0.01876763345929083,alpha,0.1,0,,
2020-02-28,-0.06243565086437535,xgboost,2019,0.008580175764945241,alpha,0.1,0,,
2020-03-31,-0.13563754105920245,xgboost,2019,-0.004666000425011418,alpha,0.1,0,,
2020-04-30,0.1377436536067931,xgboost,2019,-0.001877221115816674,alpha,0.1,0,,
2020-05-29,0.08923928028622843,xgboost,2019,0.019679501249319803,alpha,0.1,0,,
2020-06-30,0.04010950423993283,xgboost,2019,0.010659765711634496,alpha,0.1,0,,
2020-07-31,0.06690773866604936,xgboost,2019,0.011907061604685854,alpha,0.1,0,,
2020-08-31,0.055479390320745045,xgboost,2019,-0.021172817775431785,alpha,0.1,0,,
2020-09-30,-0.017736425248556877,xgboost,2019,0.010141112737821756,alpha,0.1,0,,
2020-10-30,-0.003771880110439943,xgboost,2019,0.012012222094581877,alpha,0.1,0,,
2020-11-30,0.1207202930022701,xgboost,2019,-0.01105055127142826,alpha,0.1,0,,
2020-12-31,0.05356896107807264,xgboost,2019,-0.005516870744903778,alpha,0.1,0,,
2021-01-29,0.008082861303813717,xgboost,2020,0.001612735966548002,alpha,0.1,0,,
2021-02-26,0.037071969553357405,xgboost,2020,0.008101794961672307,alpha,0.1,0,,
2021-03-31,-0.014170582681832139,xgboost,2020,-0.0223289177918599,alpha,0.1,0,,
2021-04-30,0.05224603756374488,xgboost,2020,0.004993402522357131,alpha,0.1,0,,
2021-05-28,-0.019140342054105728,xgboost,2020,-0.010188428046381969,alpha,0.1,0,,
2021-06-30,0.04539692217882914,xgboost,2020,0.005789318333061656,alpha,0.1,0,,
2021-07-30,0.0076794897916625665,xgboost,2020,0.00631892572284154,alpha,0.1,0,,
2021-08-31,0.028691568451205914,xgboost,2020,-0.0038483547013329344,alpha,0.1,0,,
2021-09-30,-0.04798848867410574,xgboost,2020,0.0003252482646856347,alpha,0.1,0,,
2021-10-29,0.06600265294478405,xgboost,2020,0.0020967505784852264,alpha,0.1,0,,
2021-11-30,-0.038342731069799185,xgboost,2020,-0.01053790977133065,alpha,0.1,0,,
2021-12-31,0.004251086793447661,xgboost,2020,-0.011002290400729038,alpha,0.1,0,,
2022-01-31,-0.11664182677762391,xgboost,2021,-0.019168932290526228,alpha,0.1,0,,
2022-02-28,-0.022378313926886256,xgboost,2021,0.00042211039780630163,alpha,0.1,0,,
2022-03-31,0.007203390817919311,xgboost,2021,-0.01906535583382573,alpha,0.1,0,,
2022-04-29,-0.12620985069420065,xgboost,2021,-0.013851299218823637,alpha,0.1,0,,
2022-05-31,-0.03088587469455316,xgboost,2021,-0.011958594751628197,alpha,0.1,0,,
2022-06-30,-0.08212372992617425,xgboost,2021,-0.013651002715557234,alpha,0.1,0,,
2022-07-29,0.10929065346404544,xgboost,2021,-0.003924222585531448,alpha,0.1,0,,
2022-08-31,-0.03256908830044741,xgboost,2021,-0.0024891254891268866,alpha,0.1,0,,
2022-09-30,-0.09436540616502911,xgboost,2021,-0.004578170419946445,alpha,0.1,0,,
2022-10-31,0.06696608587515919,xgboost,2021,0.002593446580637454,alpha,0.1,0,,
2022-11-30,0.04119574274142065,xgboost,2021,0.009808168542328688,alpha,0.1,0,,
2022-12-30,-0.06721637995039002,xgboost,2021,0.00044193274740671196,alpha,0.1,0,,
2023-01-31,0.08538030736021113,xgboost,2022,-4.2256459500913945e-05,alpha,0.1,0,,
2023-02-28,-0.016683882699898372,xgboost,2022,0.0019763271301681193,alpha,0.1,0,,
2023-03-31,0.004423262038530729,xgboost,2022,-0.02066837682509181,alpha,0.1,0,,
2023-04-28,-0.004976975553140339,xgboost,2022,-0.0037861636399027674,alpha,0.1,0,,
2023-05-31,0.006440807740746093,xgboost,2022,-0.020596998017860902,alpha,0.1,0,,
2023-06-30,0.07212774926564497,xgboost,2022,0.0014483264501790744,alpha,0.1,0,,
2023-07-31,0.040687774723172254,xgboost,2022,0.004854288133308779,alpha,0.1,0,,
2023-08-31,-0.025105234256771945,xgboost,2022,-0.0021693535587797123,alpha,0.1,0,,
2023-09-29,-0.047021361882294055,xgboost,2022,0.006659117383328361,alpha,0.1,0,,
2023-10-31,-0.04681955991789394,xgboost,2022,-0.011263094586320271,alpha,0.1,0,,
2023-11-30,0.10180618766168235,xgboost,2022,0.004352915028284249,alpha,0.1,0,,
2023-12-29,0.06787758031953475,xgboost,2022,0.0072558491780878726,alpha,0.1,0,,
2024-01-31,0.02196405367704094,xgboost,2023,0.015592605710623132,alpha,0.1,0,,
2024-02-29,0.07580343897633354,xgboost,2023,0.01135602266608881,alpha,0.1,0,,
2024-03-28,0.02244456690872892,xgboost,2023,-0.00026767548948532574,alpha,0.1,0,,
2024-04-30,-0.05141488891474774,xgboost,2023,-0.004111710955585969,alpha,0.1,0,,
2024-05-31,0.05022775681541748,xgboost,2023,-0.001587929197284746,alpha,0.1,0,,
2024-06-28,0.053744693284963105,xgboost,2023,0.023771552700554442,alpha,0.1,0,,
2024-07-31,-0.010567052578005689,xgboost,2023,-0.03604473085852144,alpha,0.1,0,,
2024-08-30,0.024769686243419776,xgboost,2023,0.009737749267271605,alpha,0.1,0,,
2024-09-30,0.02472614308488629,xgboost,2023,0.0021636281750443583,alpha,0.1,0,,
2024-10-31,0.002473213394468185,xgboost,2023,0.010283109873683515,alpha,0.1,0,,
2024-11-29,0.07956920856928722,xgboost,2023,-0.004200971917415988,alpha,0.1,0,,
2024-12-31,-0.013709571631112428,xgboost,2023,0.018447780025958992,alpha,0.1,0,,
2025-01-31,0.036754529275737045,xgboost,2024,0.0014716388507406072,alpha,0.1,0,,
2025-02-28,-0.0381045048505377,xgboost,2024,0.004162547289349547,alpha,0.1,0,,
2025-03-31,-0.08085392868085195,xgboost,2024,-0.011729589940693688,alpha,0.1,0,,
2025-04-30,0.011410020346774002,xgboost,2024,0.007461423207044511,alpha,0.1,0,,
2025-05-30,0.09182321218563946,xgboost,2024,0.02983394299262255,alpha,0.1,0,,
2025-06-30,0.0676552288623568,xgboost,2024,0.014142056827857963,alpha,0.1,0,,
2025-07-31,0.028908357675138694,xgboost,2024,0.0013909416302763482,alpha,0.1,0,,
2025-08-29,0.016779902247722443,xgboost,2024,-0.006357812428079883,alpha,0.1,0,,
2025-09-30,0.039697730860607676,xgboost,2024,-0.0016938167610637545,alpha,0.1,0,,
2025-10-31,0.02143567440031925,xgboost,2024,-0.014068439719235062,alpha,0.1,0,,
2025-11-28,-0.016516079431561796,xgboost,2024,-0.013902298914642501,alpha,0.1,0,,
2025-12-31,0.005911849083409257,xgboost,2024,0.011094279069172626,alpha,0.1,0,,
1991-01-31,0.05357307039298492,equal_weight_all,1990,-0.004893917429723539,alpha,0.1,0,,
1991-02-28,0.0760451706869638,equal_weight_all,1990,-0.006346045120076332,alpha,0.1,0,,
1991-03-28,0.03273757415442013,equal_weight_all,1990,-0.005340004735574139,alpha,0.1,0,,
1991-04-30,-0.0022355579390698796,equal_weight_all,1990,-0.005579847729388841,alpha,0.1,0,,
1991-05-31,0.04360125967597776,equal_weight_all,1990,0.0023030872761107962,alpha,0.1,0,,
1991-06-28,-0.043997048319858637,equal_weight_all,1990,-0.001163684921016081,alpha,0.1,0,,
1991-07-31,0.05056390156109009,equal_weight_all,1990,0.005724125842714381,alpha,0.1,0,,
1991-08-30,0.024086344195143515,equal_weight_all,1990,-0.006074916451089138,alpha,0.1,0,,
1991-09-30,-0.0017217740658297248,equal_weight_all,1990,0.006492711568956251,alpha,0.1,0,,
1991-10-31,0.025195833659017317,equal_weight_all,1990,0.006640550547336392,alpha,0.1,0,,
1991-11-29,-0.036736873414438515,equal_weight_all,1990,0.0024102525525853333,alpha,0.1,0,,
1991-12-31,0.09893412562510825,equal_weight_all,1990,-0.006625678478741473,alpha,0.1,0,,
1992-01-31,0.0135128287105939,equal_weight_all,1991,-0.0030502807797348607,alpha,0.1,0,,
1992-02-28,0.014281810305184758,equal_weight_all,1991,-0.0035629386352272682,alpha,0.1,0,,
1992-03-31,-0.03055676796438724,equal_weight_all,1991,-0.007072133462161918,alpha,0.1,0,,
1992-04-30,-0.010102211575570093,equal_weight_all,1991,-0.013385029154234727,alpha,0.1,0,,
1992-05-29,0.00966492788875971,equal_weight_all,1991,0.0033601265542868852,alpha,0.1,0,,
1992-06-30,-0.02660829170894729,equal_weight_all,1991,-0.002459725790142097,alpha,0.1,0,,
1992-07-31,0.035558690514708655,equal_weight_all,1991,-0.003486811581076492,alpha,0.1,0,,
1992-08-31,-0.02410486822255558,equal_weight_all,1991,-0.003140394348455172,alpha,0.1,0,,
1992-09-30,0.013096216158520168,equal_weight_all,1991,-0.002536291420870085,alpha,0.1,0,,
1992-10-30,0.015552465730912532,equal_weight_all,1991,-0.00083096578338571,alpha,0.1,0,,
1992-11-30,0.04594966214734897,equal_weight_all,1991,-0.0041899225448914085,alpha,0.1,0,,
1992-12-31,0.020947840548183005,equal_weight_all,1991,-0.0013229601321506357,alpha,0.1,0,,
1993-01-29,0.013943571619499164,equal_weight_all,1992,-0.003148871000030102,alpha,0.1,0,,
1993-02-26,-0.006322217881195227,equal_weight_all,1992,-0.0047062820199765395,alpha,0.1,0,,
1993-03-31,0.03270705536089069,equal_weight_all,1992,0.006702147952814885,alpha,0.1,0,,
1993-04-30,-0.02107982134496816,equal_weight_all,1992,0.007725873681933677,alpha,0.1,0,,
1993-05-28,0.036763834946465165,equal_weight_all,1992,0.0035321973547650966,alpha,0.1,0,,
1993-06-30,0.0061378666193047425,equal_weight_all,1992,-0.0006733861159191946,alpha,0.1,0,,
1993-07-30,0.004255790326056678,equal_weight_all,1992,0.002518190888218085,alpha,0.1,0,,
1993-08-31,0.037405858760053756,equal_weight_all,1992,-0.0016885033586784004,alpha,0.1,0,,
1993-09-30,0.008849900398009534,equal_weight_all,1992,0.0009629838877123851,alpha,0.1,0,,
1993-10-29,0.017768850353202453,equal_weight_all,1992,-0.0005040066968928329,alpha,0.1,0,,
1993-11-30,-0.022200803813346562,equal_weight_all,1992,-0.003604505929794225,alpha,0.1,0,,
1993-12-31,0.03112247609335177,equal_weight_all,1992,0.009410519702621807,alpha,0.1,0,,
1994-01-31,0.028553144725304812,equal_weight_all,1993,-0.0017185868541893731,alpha,0.1,0,,
1994-02-28,-0.015535572595591752,equal_weight_all,1993,0.002080435739133815,alpha,0.1,0,,
1994-03-31,-0.04535668635160693,equal_weight_all,1993,0.0004907192509981534,alpha,0.1,0,,
1994-04-29,0.004658938717824195,equal_weight_all,1993,-0.0032052766195951893,alpha,0.1,0,,
1994-05-31,0.0026594320207666265,equal_weight_all,1993,-0.0011275912497996118,alpha,0.1,0,,
1994-06-30,-0.02970037192164057,equal_weight_all,1993,-0.0024578203682316634,alpha,0.1,0,,
1994-07-29,0.024021563539014502,equal_weight_all,1993,-0.002655399718497639,alpha,0.1,0,,
1994-08-31,0.04464861767456019,equal_weight_all,1993,-0.0008689670325636167,alpha,0.1,0,,
1994-09-30,-0.013014452801692725,equal_weight_all,1993,0.0007638616663460211,alpha,0.1,0,,
1994-10-31,0.009686910716389241,equal_weight_all,1993,-0.002570873958642847,alpha,0.1,0,,
1994-11-30,-0.039764705078784726,equal_weight_all,1993,-0.004251924289574757,alpha,0.1,0,,
1994-12-30,0.01231945056367841,equal_weight_all,1993,-0.0007302389296036903,alpha,0.1,0,,
1995-01-31,0.004572997477429454,equal_weight_all,1994,-0.011931638015951474,alpha,0.1,0,,
1995-02-28,0.03774719253527716,equal_weight_all,1994,-0.0011531519271737178,alpha,0.1,0,,
1995-03-31,0.025917806763582543,equal_weight_all,1994,0.0018281634914006743,alpha,0.1,0,,
1995-04-28,0.01831805310717602,equal_weight_all,1994,-0.006845597748945539,alpha,0.1,0,,
1995-05-31,0.026623128131896313,equal_weight_all,1994,-0.0035383785053324235,alpha,0.1,0,,
1995-06-30,0.035265167663414705,equal_weight_all,1994,-0.0020194243638807993,alpha,0.1,0,,
1995-07-31,0.045849322778007566,equal_weight_all,1994,0.0007943395962830627,alpha,0.1,0,,
1995-08-31,0.011020042403824261,equal_weight_all,1994,-0.0029398717437313345,alpha,0.1,0,,
1995-09-29,0.029873278919316733,equal_weight_all,1994,-0.0038208214352829124,alpha,0.1,0,,
1995-10-31,-0.01893350556036614,equal_weight_all,1994,-0.0013788022776437606,alpha,0.1,0,,
1995-11-30,0.03735542845729291,equal_weight_all,1994,-0.003129411477630191,alpha,0.1,0,,
1995-12-29,0.012628919198376668,equal_weight_all,1994,-0.0032114073059530523,alpha,0.1,0,,
1996-01-31,0.0208526256409985,equal_weight_all,1995,5.8664837545296944e-05,alpha,0.1,0,,
1996-02-29,0.022828225754810562,equal_weight_all,1995,0.0022727820481867646,alpha,0.1,0,,
1996-03-29,0.014063609228747782,equal_weight_all,1995,-0.0005236568318367444,alpha,0.1,0,,
1996-04-30,0.03302029976171277,equal_weight_all,1995,0.000158265508623065,alpha,0.1,0,,
1996-05-31,0.025841145582876236,equal_weight_all,1995,-0.00778903056689019,alpha,0.1,0,,
1996-06-28,-0.01577274342233912,equal_weight_all,1995,-0.0025968995743995762,alpha,0.1,0,,
1996-07-31,-0.056769878038930736,equal_weight_all,1995,0.002735590293255555,alpha,0.1,0,,
1996-08-30,0.03859264262386137,equal_weight_all,1995,0.002101230751373327,alpha,0.1,0,,
1996-09-30,0.04833904180298666,equal_weight_all,1995,-0.002077161582515176,alpha,0.1,0,,
1996-10-31,0.006371634008488426,equal_weight_all,1995,-0.00048785546664675177,alpha,0.1,0,,
1996-11-29,0.05273576258421375,equal_weight_all,1995,-0.0053297122575861125,alpha,0.1,0,,
1996-12-31,-0.006284845599210837,equal_weight_all,1995,-0.000924489086875235,alpha,0.1,0,,
1997-01-31,0.040127387872101225,equal_weight_all,1996,-0.009072695548859921,alpha,0.1,0,,
1997-02-28,-0.01131900288782522,equal_weight_all,1996,-0.006554845820623014,alpha,0.1,0,,
1997-03-31,-0.044017828188985406,equal_weight_all,1996,0.00039140417714492864,alpha,0.1,0,,
1997-04-30,0.023811447345216317,equal_weight_all,1996,-0.009760646301059876,alpha,0.1,0,,
1997-05-30,0.07950867345308438,equal_weight_all,1996,0.0012741794112252208,alpha,0.1,0,,
1997-06-30,0.04086542249939296,equal_weight_all,1996,-0.005983373081434894,alpha,0.1,0,,
1997-07-31,0.07137724807314591,equal_weight_all,1996,0.00016476157968611793,alpha,0.1,0,,
1997-08-29,-0.0186447675485733,equal_weight_all,1996,0.0021137242626916575,alpha,0.1,0,,
1997-09-30,0.059674140559320125,equal_weight_all,1996,-0.002029856830162824,alpha,0.1,0,,
1997-10-31,-0.03924581355135674,equal_weight_all,1996,-0.005608094938023195,alpha,0.1,0,,
1997-11-28,0.010330715609830947,equal_weight_all,1996,-0.013213799032293427,alpha,0.1,0,,
1997-12-31,0.013302364156361896,equal_weight_all,1996,-0.0020756269378597956,alpha,0.1,0,,
1998-01-30,-0.0038568840734102467,equal_weight_all,1997,-0.006611834802218269,alpha,0.1,0,,
1998-02-27,0.06999989516270484,equal_weight_all,1997,-0.00270278555728809,alpha,0.1,0,,
1998-03-31,0.04493411952207528,equal_weight_all,1997,-0.00466892906007859,alpha,0.1,0,,
1998-04-30,0.009042892521769395,equal_weight_all,1997,-0.0028182684445149002,alpha,0.1,0,,
1998-05-29,-0.034007203401531724,equal_weight_all,1997,-0.003325038499591648,alpha,0.1,0,,
1998-06-30,0.02040334723492321,equal_weight_all,1997,-0.008573744891550071,alpha,0.1,0,,
1998-07-31,-0.03917376521437107,equal_weight_all,1997,-0.00900045444380336,alpha,0.1,0,,
1998-08-31,-0.16877689170508597,equal_weight_all,1997,-0.007297538246312102,alpha,0.1,0,,
1998-09-30,0.06442221927746979,equal_weight_all,1997,0.0022223899812292974,alpha,0.1,0,,
1998-10-30,0.059567288672277695,equal_weight_all,1997,-0.003526675832762345,alpha,0.1,0,,
1998-11-30,0.055488652421649486,equal_weight_all,1997,-0.007349168790145182,alpha,0.1,0,,
1998-12-31,0.06600371935360072,equal_weight_all,1997,0.005060731017890195,alpha,0.1,0,,
1999-01-29,0.02121509954579455,equal_weight_all,1998,-0.014272364411023801,alpha,0.1,0,,
1999-02-26,-0.04614367578710825,equal_weight_all,1998,0.0008666653222429294,alpha,0.1,0,,
1999-03-31,0.035112106954368845,equal_weight_all,1998,0.007060156674957546,alpha,0.1,0,,
1999-04-30,0.05197900355208758,equal_weight_all,1998,-0.0023412493598847367,alpha,0.1,0,,
1999-05-28,-0.006215736526498233,equal_weight_all,1998,0.007188918162036456,alpha,0.1,0,,
1999-06-30,0.055236329190437757,equal_weight_all,1998,-0.0001482861571374186,alpha,0.1,0,,
1999-07-30,-0.022492497071311995,equal_weight_all,1998,0.003223552847891175,alpha,0.1,0,,
1999-08-31,-0.016892028244991295,equal_weight_all,1998,-0.003541040715367101,alpha,0.1,0,,
1999-09-30,-0.013713427749485307,equal_weight_all,1998,0.004620322203187824,alpha,0.1,0,,
1999-10-29,0.04460027055002045,equal_weight_all,1998,-0.003965968066426455,alpha,0.1,0,,
1999-11-30,0.04533153614821272,equal_weight_all,1998,-0.0013509375970945092,alpha,0.1,0,,
1999-12-31,0.08999620979893254,equal_weight_all,1998,0.0016519936132174395,alpha,0.1,0,,
2000-01-31,-0.02990604904625395,equal_weight_all,1999,0.005871221168940691,alpha,0.1,0,,
2000-02-29,0.06630473567327536,equal_weight_all,1999,0.0048916268034581295,alpha,0.1,0,,
2000-03-31,0.046471706921439364,equal_weight_all,1999,0.01790756673052602,alpha,0.1,0,,
2000-04-28,-0.04348829827537532,equal_weight_all,1999,0.02220400826673463,alpha,0.1,0,,
2000-05-31,-0.031330799422908714,equal_weight_all,1999,0.013397655525546344,alpha,0.1,0,,
2000-06-30,0.05416268577489552,equal_weight_all,1999,-0.01406119027812855,alpha,0.1,0,,
2000-07-31,-0.014922261621399827,equal_weight_all,1999,0.003278469635840362,alpha,0.1,0,,
2000-08-31,0.08233150760755706,equal_weight_all,1999,0.011205410388573797,alpha,0.1,0,,
2000-09-29,-0.03017115491123819,equal_weight_all,1999,0.015229596790500066,alpha,0.1,0,,
2000-10-31,-0.025381377111494664,equal_weight_all,1999,-0.0006707012952733467,alpha,0.1,0,,
2000-11-30,-0.0938008040667578,equal_weight_all,1999,0.002000026535247945,alpha,0.1,0,,
2000-12-29,0.04949331658479163,equal_weight_all,1999,0.023699728170596138,alpha,0.1,0,,
2001-01-31,0.024023241248839138,equal_weight_all,2000,-0.019038248861747216,alpha,0.1,0,,
2001-02-28,-0.0838557727611236,equal_weight_all,2000,-0.0008576971627293484,alpha,0.1,0,,
2001-03-30,-0.06755283968092504,equal_weight_all,2000,-0.008786168377063072,alpha,0.1,0,,
2001-04-30,0.0868349001115847,equal_weight_all,2000,0.009679762188182839,alpha,0.1,0,,
2001-05-31,0.012060963843509777,equal_weight_all,2000,-0.005986016012563617,alpha,0.1,0,,
2001-06-29,-0.010580061521093259,equal_weight_all,2000,-0.008077923976979044,alpha,0.1,0,,
2001-07-31,-0.025849671004290305,equal_weight_all,2000,-0.005195709822930005,alpha,0.1,0,,
2001-08-31,-0.05121565245885707,equal_weight_all,2000,0.0022545723727180333,alpha,0.1,0,,
2001-09-28,-0.10643559036812869,equal_weight_all,2000,-0.00952262902903142,alpha,0.1,0,,
2001-10-31,0.038197133303284884,equal_weight_all,2000,0.00425109232433625,alpha,0.1,0,,
2001-11-30,0.07458506777885263,equal_weight_all,2000,0.0005327326823046652,alpha,0.1,0,,
2001-12-31,0.029576921029286437,equal_weight_all,2000,0.0017308579461523949,alpha,0.1,0,,
2002-01-31,-0.016680016254433255,equal_weight_all,2001,-0.008318075413648757,alpha,0.1,0,,
2002-02-28,-0.0271232608044509,equal_weight_all,2001,-0.007069428153489654,alpha,0.1,0,,
2002-03-28,0.0538510078169835,equal_weight_all,2001,0.00310720772564807,alpha,0.1,0,,
2002-04-30,-0.033845354695446125,equal_weight_all,2001,0.0003457780355458212,alpha,0.1,0,,
2002-05-31,-0.017246216570212768,equal_weight_all,2001,8.721431754341036e-05,alpha,0.1,0,,
2002-06-28,-0.0707962710144246,equal_weight_all,2001,-0.009961014970138113,alpha,0.1,0,,
2002-07-31,-0.09541429266715311,equal_weight_all,2001,-0.004306344705240536,alpha,0.1,0,,
2002-08-30,0.0035711766788408075,equal_weight_all,2001,-0.0019973092531858716,alpha,0.1,0,,
2002-09-30,-0.086301456441006,equal_weight_all,2001,0.004434109262170083,alpha,0.1,0,,
2002-10-31,0.055560603652310026,equal_weight_all,2001,-0.01101017247559792,alpha,0.1,0,,
2002-11-29,0.05950195167397704,equal_weight_all,2001,-0.0007785107098996977,alpha,0.1,0,,
2002-12-31,-0.05179999792721703,equal_weight_all,2001,-0.0011015405017075416,alpha,0.1,0,,
2003-01-31,-0.02236680604875031,equal_weight_all,2002,0.0006559695362481008,alpha,0.1,0,,
2003-02-28,-0.018986892348558628,equal_weight_all,2002,0.00027565071188541054,alpha,0.1,0,,
2003-03-31,0.009638753243856922,equal_weight_all,2002,-0.003344134658654463,alpha,0.1,0,,
2003-04-30,0.07580986707205978,equal_weight_all,2002,-0.005663526612466427,alpha,0.1,0,,
2003-05-30,0.07185712328640798,equal_weight_all,2002,0.0051226116319983556,alpha,0.1,0,,
2003-06-30,0.015227882295884764,equal_weight_all,2002,-0.002977714476334093,alpha,0.1,0,,
2003-07-31,0.03089241001693127,equal_weight_all,2002,0.00015074318142237544,alpha,0.1,0,,
2003-08-29,0.0331194505105405,equal_weight_all,2002,0.0052240598929371995,alpha,0.1,0,,
2003-09-30,-0.014404303411803942,equal_weight_all,2002,-0.004327720374447081,alpha,0.1,0,,
2003-10-31,0.0661248633367769,equal_weight_all,2002,0.00013017391417209645,alpha,0.1,0,,
2003-11-28,0.020889914076911695,equal_weight_all,2002,0.001953746033923273,alpha,0.1,0,,
2003-12-31,0.032469522111194485,equal_weight_all,2002,-0.0048935127229199835,alpha,0.1,0,,
2004-01-30,0.02371043642173979,equal_weight_all,2003,-0.002826403877984711,alpha,0.1,0,,
2004-02-27,0.012998583966259698,equal_weight_all,2003,-0.00018263139512501685,alpha,0.1,0,,
2004-03-31,-0.0039021760961255284,equal_weight_all,2003,0.0032791648281135675,alpha,0.1,0,,
2004-04-30,-0.034421161817705735,equal_weight_all,2003,-0.012627712363560067,alpha,0.1,0,,
2004-05-28,0.016699092268109908,equal_weight_all,2003,0.005441348928400421,alpha,0.1,0,,
2004-06-30,0.024489978208029995,equal_weight_all,2003,-0.0004258283369520423,alpha,0.1,0,,
2004-07-30,-0.048023020382354356,equal_weight_all,2003,-0.005803676332754776,alpha,0.1,0,,
2004-08-31,-0.004319181103973,equal_weight_all,2003,-0.004523549391519353,alpha,0.1,0,,
2004-09-30,0.030452800100287444,equal_weight_all,2003,0.006452821761074982,alpha,0.1,0,,
2004-10-29,0.017460132582225344,equal_weight_all,2003,0.002653453346624665,alpha,0.1,0,,
2004-11-30,0.0543936074220587,equal_weight_all,2003,-0.00046223302525090493,alpha,0.1,0,,
2004-12-31,0.03503892663543903,equal_weight_all,2003,0.0009420073044629496,alpha,0.1,0,,
2005-01-31,-0.02925118394574143,equal_weight_all,2004,-0.0036520567855188382,alpha,0.1,0,,
2005-02-28,0.02148884907643727,equal_weight_all,2004,0.0009822625370098266,alpha,0.1,0,,
2005-03-31,-0.019463003381802575,equal_weight_all,2004,-0.0004887028840827694,alpha,0.1,0,,
2005-04-29,-0.032015543718256746,equal_weight_all,2004,-0.0010751683300682102,alpha,0.1,0,,
2005-05-31,0.04474460646469532,equal_weight_all,2004,0.001598871811773879,alpha,0.1,0,,
2005-06-30,0.01656859023082956,equal_weight_all,2004,0.0005509899373629269,alpha,0.1,0,,
2005-07-29,0.046127856887581684,equal_weight_all,2004,0.00024375460536391058,alpha,0.1,0,,
2005-08-31,-0.007706359117844555,equal_weight_all,2004,0.002486515523907152,alpha,0.1,0,,
2005-09-30,0.012425559931093441,equal_weight_all,2004,0.004574294913017606,alpha,0.1,0,,
2005-10-31,-0.023823246968867312,equal_weight_all,2004,-0.0038328055546636465,alpha,0.1,0,,
2005-11-30,0.0412641142359726,equal_weight_all,2004,0.0014153487089418812,alpha,0.1,0,,
2005-12-30,0.004703819446224095,equal_weight_all,2004,0.004214633681078219,alpha,0.1,0,,
2006-01-31,0.0489743226764259,equal_weight_all,2005,0.003583338586000899,alpha,0.1,0,,
2006-02-28,-0.006206648598909178,equal_weight_all,2005,-0.0048935606215420105,alpha,0.1,0,,
2006-03-31,0.024048973580882826,equal_weight_all,2005,-0.0011627065822788323,alpha,0.1,0,,
2006-04-28,0.00998588928677957,equal_weight_all,2005,-0.00033078866268102317,alpha,0.1,0,,
2006-05-31,-0.04223450493379508,equal_weight_all,2005,-0.006207506033007584,alpha,0.1,0,,
2006-06-30,-0.0021404043660276186,equal_weight_all,2005,-0.003062386559686461,alpha,0.1,0,,
2006-07-31,-0.015501120455994444,equal_weight_all,2005,-0.005530590886659472,alpha,0.1,0,,
2006-08-31,0.02082486966703231,equal_weight_all,2005,-0.002191069465929115,alpha,0.1,0,,
2006-09-29,0.017395435789298797,equal_weight_all,2005,-0.001765365690784844,alpha,0.1,0,,
2006-10-31,0.03503503732479788,equal_weight_all,2005,-0.004188027815368211,alpha,0.1,0,,
2006-11-30,0.02597207575217106,equal_weight_all,2005,0.003833823817536691,alpha,0.1,0,,
2006-12-29,0.007202708932056268,equal_weight_all,2005,-0.004049661848567428,alpha,0.1,0,,
2007-01-31,0.022006768456703015,equal_weight_all,2006,0.004406856915887989,alpha,0.1,0,,
2007-02-28,-0.011566731511182064,equal_weight_all,2006,0.0011892067801598794,alpha,0.1,0,,
2007-03-30,0.011338715750714443,equal_weight_all,2006,-0.000388287626821443,alpha,0.1,0,,
2007-04-30,0.03753160397290411,equal_weight_all,2006,0.0038892430937891367,alpha,0.1,0,,
2007-05-31,0.0388185094562849,equal_weight_all,2006,0.002227930742272996,alpha,0.1,0,,
2007-06-29,-0.0124077184732399,equal_weight_all,2006,0.0015727027632296171,alpha,0.1,0,,
2007-07-31,-0.03198175449974324,equal_weight_all,2006,0.007109869059960236,alpha,0.1,0,,
2007-08-31,0.011810492080721319,equal_weight_all,2006,-0.00015496452405394743,alpha,0.1,0,,
2007-09-28,0.04086169235811275,equal_weight_all,2006,0.01079633997072649,alpha,0.1,0,,
2007-10-31,0.027110475815220938,equal_weight_all,2006,0.007017674652578618,alpha,0.1,0,,
2007-11-30,-0.04953415121843076,equal_weight_all,2006,-0.00035939064728833514,alpha,0.1,0,,
2007-12-31,-0.003590901877675565,equal_weight_all,2006,0.0008407749570450594,alpha,0.1,0,,
2008-01-31,-0.07143101677680036,equal_weight_all,2007,-0.010985439312562989,alpha,0.1,0,,
2008-02-29,-0.0256456033244562,equal_weight_all,2007,0.0036065178338826782,alpha,0.1,0,,
2008-03-31,-0.011618196202029349,equal_weight_all,2007,-0.005986798969226535,alpha,0.1,0,,
2008-04-30,0.05407590633741624,equal_weight_all,2007,0.009200439426642303,alpha,0.1,0,,
2008-05-30,0.029955156474660394,equal_weight_all,2007,0.003873000528436747,alpha,0.1,0,,
2008-06-30,-0.07662945678649555,equal_weight_all,2007,6.312493676009778e-05,alpha,0.1,0,,
2008-07-31,-0.014084061808014492,equal_weight_all,2007,-0.016590920752707284,alpha,0.1,0,,
2008-08-29,0.012993489102364333,equal_weight_all,2007,-0.009907641718089093,alpha,0.1,0,,
2008-09-30,-0.10404317527123902,equal_weight_all,2007,-0.017270241784973467,alpha,0.1,0,,
2008-10-31,-0.18815633979821422,equal_weight_all,2007,-0.015435823023909667,alpha,0.1,0,,
2008-11-28,-0.0917767959123814,equal_weight_all,2007,-0.0072835557647261545,alpha,0.1,0,,
2008-12-31,0.03184297379870841,equal_weight_all,2007,0.00816575261860621,alpha,0.1,0,,
2009-01-30,-0.07163214885938221,equal_weight_all,2008,0.015540790892661235,alpha,0.1,0,,
2009-02-27,-0.09231225740512508,equal_weight_all,2008,0.010429673102109224,alpha,0.1,0,,
2009-03-31,0.0828580278675882,equal_weight_all,2008,-0.00631699003962187,alpha,0.1,0,,
2009-04-30,0.11647469665309143,equal_weight_all,2008,0.005072150822452368,alpha,0.1,0,,
2009-05-29,0.05157290089648056,equal_weight_all,2008,0.0063981348209721095,alpha,0.1,0,,
2009-06-30,0.0030593900786325817,equal_weight_all,2008,-0.0052240355447292375,alpha,0.1,0,,
2009-07-31,0.07837299284756484,equal_weight_all,2008,-0.002207237156270761,alpha,0.1,0,,
2009-08-31,0.03190477152431121,equal_weight_all,2008,-0.0009996982389022038,alpha,0.1,0,,
2009-09-30,0.04918656694957514,equal_weight_all,2008,0.003946895052684106,alpha,0.1,0,,
2009-10-30,-0.03217834154329558,equal_weight_all,2008,0.0027124650877568893,alpha,0.1,0,,
2009-11-30,0.050062758802856294,equal_weight_all,2008,0.0011296549676920314,alpha,0.1,0,,
2009-12-31,0.040328937028431634,equal_weight_all,2008,0.0007630193315926528,alpha,0.1,0,,
2010-01-29,-0.03947209225208997,equal_weight_all,2009,-0.00680517212806335,alpha,0.1,0,,
2010-02-26,0.03690163525524511,equal_weight_all,2009,-0.00040222832468323616,alpha,0.1,0,,
2010-03-31,0.06319046664846897,equal_weight_all,2009,-0.0027710949783787825,alpha,0.1,0,,
2010-04-30,0.025224966877774396,equal_weight_all,2009,-0.0054776464517374175,alpha,0.1,0,,
2010-05-28,-0.07466926747485503,equal_weight_all,2009,0.002811266601255788,alpha,0.1,0,,
2010-06-30,-0.056376220368740626,equal_weight_all,2009,0.004416635787032393,alpha,0.1,0,,
2010-07-30,0.06574446171828609,equal_weight_all,2009,-0.0015046956305219544,alpha,0.1,0,,
2010-08-31,-0.04753382467213167,equal_weight_all,2009,0.005191324726905311,alpha,0.1,0,,
2010-09-30,0.1026498964562958,equal_weight_all,2009,0.0031759024045924095,alpha,0.1,0,,
2010-10-29,0.03911901565814889,equal_weight_all,2009,0.00028486998937836405,alpha,0.1,0,,
2010-11-30,0.013934960315538814,equal_weight_all,2009,0.0013563716027971892,alpha,0.1,0,,
2010-12-31,0.06456357379337825,equal_weight_all,2009,-0.003723874005561109,alpha,0.1,0,,
2011-01-31,0.015981405214162574,equal_weight_all,2010,0.001288644047927029,alpha,0.1,0,,
2011-02-28,0.03814284578783023,equal_weight_all,2010,0.0005828455912206057,alpha,0.1,0,,
2011-03-31,0.010955308738199103,equal_weight_all,2010,0.001241559250456284,alpha,0.1,0,,
2011-04-29,0.03019597446237456,equal_weight_all,2010,0.003522027229619848,alpha,0.1,0,,
2011-05-31,-0.013457818258023575,equal_weight_all,2010,0.0005305073519554174,alpha,0.1,0,,
2011-06-30,-0.01688528038775336,equal_weight_all,2010,-0.000831057980258329,alpha,0.1,0,,
2011-07-29,-0.025711987289643953,equal_weight_all,2010,-0.001031974995448097,alpha,0.1,0,,
2011-08-31,-0.06893545672513288,equal_weight_all,2010,-0.004328532505682103,alpha,0.1,0,,
2011-09-30,-0.08973510901382838,equal_weight_all,2010,-0.008306775415288153,alpha,0.1,0,,
2011-10-31,0.12282714979860959,equal_weight_all,2010,0.006031575137644421,alpha,0.1,0,,
2011-11-30,-0.005566657111788499,equal_weight_all,2010,-0.0025542378101667163,alpha,0.1,0,,
2011-12-30,-0.004733419059413925,equal_weight_all,2010,-0.011836915535590065,alpha,0.1,0,,
2012-01-31,0.05769138404851377,equal_weight_all,2011,0.005675388842892003,alpha,0.1,0,,
2012-02-29,0.04365577681942065,equal_weight_all,2011,0.004004076699368177,alpha,0.1,0,,
2012-03-30,0.025152390140974323,equal_weight_all,2011,-0.004567539194494544,alpha,0.1,0,,
2012-04-30,-0.008504629714001564,equal_weight_all,2011,0.00048713433160381923,alpha,0.1,0,,
2012-05-31,-0.0712467724560041,equal_weight_all,2011,-0.011199356278455058,alpha,0.1,0,,
2012-06-29,0.031942775521645025,equal_weight_all,2011,-0.007686844937637563,alpha,0.1,0,,
2012-07-31,0.0018708387734780994,equal_weight_all,2011,-0.0006925110621879486,alpha,0.1,0,,
2012-08-31,0.02994856617160301,equal_weight_all,2011,0.004042570694623073,alpha,0.1,0,,
2012-09-28,0.024779522543081748,equal_weight_all,2011,-0.003002611030422868,alpha,0.1,0,,
2012-10-31,-0.019259324608926546,equal_weight_all,2011,-0.0010667824679633509,alpha,0.1,0,,
2012-11-30,0.01065324951649491,equal_weight_all,2011,0.0025334949547377115,alpha,0.1,0,,
2012-12-31,0.014849451308394155,equal_weight_all,2011,-0.0011065902815104393,alpha,0.1,0,,
2013-01-31,0.056627741393634884,equal_weight_all,2012,0.0019525052626949563,alpha,0.1,0,,
2013-02-28,0.009523324473962973,equal_weight_all,2012,-0.002561416033579452,alpha,0.1,0,,
2013-03-28,0.03733737836394948,equal_weight_all,2012,-0.003589281870683088,alpha,0.1,0,,
2013-04-30,0.008396702006471949,equal_weight_all,2012,-0.002472366344120555,alpha,0.1,0,,
2013-05-31,0.028646627738023442,equal_weight_all,2012,-0.0035235131265885997,alpha,0.1,0,,
2013-06-28,-0.010935443193856538,equal_weight_all,2012,-0.002328598073986606,alpha,0.1,0,,
2013-07-31,0.05827101385984682,equal_weight_all,2012,-0.0004389573711374786,alpha,0.1,0,,
2013-08-30,-0.022113428367251747,equal_weight_all,2012,0.004777544785841092,alpha,0.1,0,,
2013-09-30,0.04624679362143836,equal_weight_all,2012,0.004010615570536315,alpha,0.1,0,,
2013-10-31,0.03586670949048242,equal_weight_all,2012,-0.002419586768069394,alpha,0.1,0,,
2013-11-29,0.028245434581122438,equal_weight_all,2012,-0.0052032786897100135,alpha,0.1,0,,
2013-12-31,0.02725609032724349,equal_weight_all,2012,0.0009305859926923288,alpha,0.1,0,,
2014-01-31,-0.027803675115169426,equal_weight_all,2013,0.003896462330113811,alpha,0.1,0,,
2014-02-28,0.04916437421911752,equal_weight_all,2013,0.0030454633258735625,alpha,0.1,0,,
2014-03-31,-0.004572749845151546,equal_weight_all,2013,-0.007552911057110305,alpha,0.1,0,,
2014-04-30,-0.01412345074407072,equal_weight_all,2013,-0.004354138079680976,alpha,0.1,0,,
2014-05-30,0.019513443767458036,equal_weight_all,2013,0.0030650602179917823,alpha,0.1,0,,
2014-06-30,0.032432288182592785,equal_weight_all,2013,0.0008464319254616048,alpha,0.1,0,,
2014-07-31,-0.028531194321430992,equal_weight_all,2013,-0.0002831438344927002,alpha,0.1,0,,
2014-08-29,0.041277575349827574,equal_weight_all,2013,-0.0006104975807172675,alpha,0.1,0,,
2014-09-30,-0.028801598651213445,equal_weight_all,2013,-0.0021900872749277926,alpha,0.1,0,,
2014-10-31,0.029091383049249252,equal_weight_all,2013,-0.001984450369557255,alpha,0.1,0,,
2014-11-28,0.018819578016157756,equal_weight_all,2013,-0.0006480467111378459,alpha,0.1,0,,
2014-12-31,0.0018790631084103192,equal_weight_all,2013,-0.0038381615784102447,alpha,0.1,0,,
2015-01-30,-0.027396962199936217,equal_weight_all,2014,0.004814985479305624,alpha,0.1,0,,
2015-02-27,0.06140020738091425,equal_weight_all,2014,0.00159884942728504,alpha,0.1,0,,
2015-03-31,-0.0028868764060551813,equal_weight_all,2014,0.0012269697140183922,alpha,0.1,0,,
2015-04-30,-0.002418104307871071,equal_weight_all,2014,-0.0021596549784150703,alpha,0.1,0,,
2015-05-29,0.016154757883006188,equal_weight_all,2014,0.0008183247982714078,alpha,0.1,0,,
2015-06-30,-0.01001697784121737,equal_weight_all,2014,-0.0012813101437877759,alpha,0.1,0,,
2015-07-31,0.011358215552681853,equal_weight_all,2014,0.004927735605307588,alpha,0.1,0,,
2015-08-31,-0.06127519523553747,equal_weight_all,2014,-0.003698679752219533,alpha,0.1,0,,
2015-09-30,-0.03841730572704765,equal_weight_all,2014,-0.004204180866110817,alpha,0.1,0,,
2015-10-30,0.06765635805712496,equal_weight_all,2014,-0.0032121987090263787,alpha,0.1,0,,
2015-11-30,0.0089751889767402,equal_weight_all,2014,-0.003194732118473107,alpha,0.1,0,,
2015-12-31,-0.02733047440285104,equal_weight_all,2014,-3.5986537270108615e-05,alpha,0.1,0,,
2016-01-29,-0.06893763956140492,equal_weight_all,2015,-0.006821469436594743,alpha,0.1,0,,
2016-02-29,-0.003923014996012057,equal_weight_all,2015,-0.004431652939370732,alpha,0.1,0,,
2016-03-31,0.0689291686305089,equal_weight_all,2015,-0.000966924934983987,alpha,0.1,0,,
2016-04-29,0.009009953597724081,equal_weight_all,2015,-0.0020785774809679042,alpha,0.1,0,,
2016-05-31,0.0189017785349693,equal_weight_all,2015,0.0026702476695352993,alpha,0.1,0,,
2016-06-30,-0.006661241069940101,equal_weight_all,2015,-0.007137866868262915,alpha,0.1,0,,
2016-07-29,0.0446436953742065,equal_weight_all,2015,0.0014931923479898496,alpha,0.1,0,,
2016-08-31,0.005352709209922735,equal_weight_all,2015,-0.003530458465596414,alpha,0.1,0,,
2016-09-30,0.004216626507264425,equal_weight_all,2015,-0.0015251080031446033,alpha,0.1,0,,
2016-10-31,-0.027927996351218662,equal_weight_all,2015,-0.0021377340809415543,alpha,0.1,0,,
2016-11-30,0.050259709082816156,equal_weight_all,2015,-0.012664493888729214,alpha,0.1,0,,
2016-12-30,0.0134209648075948,equal_weight_all,2015,-0.006906078798613735,alpha,0.1,0,,
2017-01-31,0.023123035034684148,equal_weight_all,2016,0.007651661908573549,alpha,0.1,0,,
2017-02-28,0.030396956870655474,equal_weight_all,2016,0.000250414479772032,alpha,0.1,0,,
2017-03-31,0.00259977413807083,equal_weight_all,2016,0.00018427678357547808,alpha,0.1,0,,
2017-04-28,0.012946189811842665,equal_weight_all,2016,0.0011753136343116716,alpha,0.1,0,,
2017-05-31,0.007999593628363558,equal_weight_all,2016,0.0036632277580714795,alpha,0.1,0,,
2017-06-30,0.011459598408326725,equal_weight_all,2016,-0.002014915348829985,alpha,0.1,0,,
2017-07-31,0.017506374612435285,equal_weight_all,2016,0.0017129569201826834,alpha,0.1,0,,
2017-08-31,-0.0008925775093066696,equal_weight_all,2016,-7.932567132231424e-05,alpha,0.1,0,,
2017-09-29,0.02814485625548586,equal_weight_all,2016,-0.006980022903930724,alpha,0.1,0,,
2017-10-31,0.019072369271080216,equal_weight_all,2016,-0.0013612365474003074,alpha,0.1,0,,
2017-11-30,0.0267567995189333,equal_weight_all,2016,-0.004021219873551661,alpha,0.1,0,,
2017-12-29,0.006718680184346193,equal_weight_all,2016,-0.0019291302981490127,alpha,0.1,0,,
2018-01-31,0.048771691553417484,equal_weight_all,2017,-0.0004624833941408793,alpha,0.1,0,,
2018-02-28,-0.03784867142883693,equal_weight_all,2017,-0.004800673771012058,alpha,0.1,0,,
2018-03-29,-0.009619028399689127,equal_weight_all,2017,0.0051652891325914795,alpha,0.1,0,,
2018-04-30,0.004140907092053405,equal_weight_all,2017,-0.0014997302197402992,alpha,0.1,0,,
2018-05-31,0.03158179028793241,equal_weight_all,2017,-0.004289209904534352,alpha,0.1,0,,
2018-06-29,0.007729316387698703,equal_weight_all,2017,0.0010804179804437108,alpha,0.1,0,,
2018-07-31,0.02582557018852027,equal_weight_all,2017,-0.003257194656619781,alpha,0.1,0,,
2018-08-31,0.035989056744940406,equal_weight_all,2017,-0.00041220537708079596,alpha,0.1,0,,
2018-09-28,-0.004134320465681423,equal_weight_all,2017,-0.00039790167725634214,alpha,0.1,0,,
2018-10-31,-0.08371156047206034,equal_weight_all,2017,-0.002645876257557661,alpha,0.1,0,,
2018-11-30,0.014370255446168032,equal_weight_all,2017,-0.002265453269025495,alpha,0.1,0,,
2018-12-31,-0.09747620259031396,equal_weight_all,2017,-7.048543237075933e-05,alpha,0.1,0,,
2019-01-31,0.09578937848098257,equal_weight_all,2018,0.0072661498591161805,alpha,0.1,0,,
2019-02-28,0.03909751171623237,equal_weight_all,2018,0.0010474123977095295,alpha,0.1,0,,
2019-03-29,0.00727027849353759,equal_weight_all,2018,0.0026211727663058267,alpha,0.1,0,,
2019-04-30,0.03912850225492972,equal_weight_all,2018,-0.0005360541043388789,alpha,0.1,0,,
2019-05-31,-0.06189909740205313,equal_weight_all,2018,0.007053455338303191,alpha,0.1,0,,
2019-06-28,0.06678563728037912,equal_weight_all,2018,-0.0032322810043388245,alpha,0.1,0,,
2019-07-31,0.012322643957890612,equal_weight_all,2018,0.0017309541383740065,alpha,0.1,0,,
2019-08-30,-0.024693896210596953,equal_weight_all,2018,0.0057049135563220985,alpha,0.1,0,,
2019-09-30,0.010979848079037619,equal_weight_all,2018,-0.0063891321187489174,alpha,0.1,0,,
2019-10-31,0.01675833702040288,equal_weight_all,2018,-0.005030653157909593,alpha,0.1,0,,
2019-11-29,0.03841549463880112,equal_weight_all,2018,-0.00027531967564111554,alpha,0.1,0,,
2019-12-31,0.02452555989866573,equal_weight_all,2018,-0.005869282848389546,alpha,0.1,0,,
2020-01-31,-0.005570647415021444,equal_weight_all,2019,0.003979168754050474,alpha,0.1,0,,
2020-02-28,-0.07866668537196896,equal_weight_all,2019,0.0005059347358008365,alpha,0.1,0,,
2020-03-31,-0.16059641375857062,equal_weight_all,2019,-0.010629272327514316,alpha,0.1,0,,
2020-04-30,0.13296041302632583,equal_weight_all,2019,-0.004055654672451781,alpha,0.1,0,,
2020-05-29,0.06233594014016089,equal_weight_all,2019,0.004847598483884628,alpha,0.1,0,,
2020-06-30,0.022582415890905642,equal_weight_all,2019,-0.004203980989851853,alpha,0.1,0,,
2020-07-31,0.05131536462987584,equal_weight_all,2019,0.0005109607566119723,alpha,0.1,0,,
2020-08-31,0.05268236527310406,equal_weight_all,2019,-0.01981810412882161,alpha,0.1,0,,
2020-09-30,-0.028798614865839282,equal_weight_all,2019,0.006973947494900549,alpha,0.1,0,,
2020-10-30,-0.007756369724877951,equal_weight_all,2019,0.0018603945843630783,alpha,0.1,0,,
2020-11-30,0.1275765027977819,equal_weight_all,2019,-0.006710859616235326,alpha,0.1,0,,
2020-12-31,0.049317733718997794,equal_weight_all,2019,-0.0046337544487879065,alpha,0.1,0,,
2021-01-29,-0.0010361032807100694,equal_weight_all,2020,-0.0140637807150715,alpha,0.1,0,,
2021-02-26,0.04624180164345361,equal_weight_all,2020,0.007630548319018306,alpha,0.1,0,,
2021-03-31,0.029160042458213065,equal_weight_all,2020,-0.002001697293567431,alpha,0.1,0,,
2021-04-30,0.049145641198445986,equal_weight_all,2020,0.006273443629000147,alpha,0.1,0,,
2021-05-28,0.0029218874910553983,equal_weight_all,2020,-0.004751729178079609,alpha,0.1,0,,
2021-06-30,0.017287009631364383,equal_weight_all,2020,-0.005998629166942517,alpha,0.1,0,,
2021-07-30,0.009789755167073763,equal_weight_all,2020,0.005870865982259653,alpha,0.1,0,,
2021-08-31,0.024056639347103885,equal_weight_all,2020,-0.003987506031431817,alpha,0.1,0,,
2021-09-30,-0.040189020258714965,equal_weight_all,2020,-0.0008648551218216269,alpha,0.1,0,,
2021-10-29,0.05770010813639899,equal_weight_all,2020,-0.0023468467863909798,alpha,0.1,0,,
2021-11-30,-0.02887624941302989,equal_weight_all,2020,-0.010647804148773601,alpha,0.1,0,,
2021-12-31,0.03816038420827635,equal_weight_all,2020,0.007437077832868219,alpha,0.1,0,,
2022-01-31,-0.06627171396853775,equal_weight_all,2021,-0.0010486953178960173,alpha,0.1,0,,
2022-02-28,-0.014732557277362055,equal_weight_all,2021,0.0014156016504848993,alpha,0.1,0,,
2022-03-31,0.01868310271994315,equal_weight_all,2021,-0.005833463646742702,alpha,0.1,0,,
2022-04-29,-0.08570570008351737,equal_weight_all,2021,0.004747717264824494,alpha,0.1,0,,
2022-05-31,-0.0018949120765303102,equal_weight_all,2021,-0.0016538314609534353,alpha,0.1,0,,
2022-06-30,-0.08279347935627006,equal_weight_all,2021,-0.003364745593870136,alpha,0.1,0,,
2022-07-29,0.08914269103427809,equal_weight_all,2021,-0.008158906130506308,alpha,0.1,0,,
2022-08-31,-0.033645778569299074,equal_weight_all,2021,-0.0010964323088644146,alpha,0.1,0,,
2022-09-30,-0.09187607874935393,equal_weight_all,2021,-0.0012085898916262688,alpha,0.1,0,,
2022-10-31,0.08210298095498364,equal_weight_all,2021,-0.0028625094926230665,alpha,0.1,0,,
2022-11-30,0.05211351715749371,equal_weight_all,2021,0.00850716037817456,alpha,0.1,0,,
2022-12-30,-0.052612645443485255,equal_weight_all,2021,0.006524600149796257,alpha,0.1,0,,
2023-01-31,0.07511027571622367,equal_weight_all,2022,0.0013166169960742435,alpha,0.1,0,,
2023-02-28,-0.024420760230768352,equal_weight_all,2022,-0.004177188311321179,alpha,0.1,0,,
2023-03-31,0.007042765266724132,equal_weight_all,2022,-0.004197529650654635,alpha,0.1,0,,
2023-04-28,0.0032438157103632658,equal_weight_all,2022,-0.0010999247470590777,alpha,0.1,0,,
2023-05-31,-0.00838447578739678,equal_weight_all,2022,-0.012740485478367756,alpha,0.1,0,,
2023-06-30,0.06791907751857361,equal_weight_all,2022,-0.001935136496748785,alpha,0.1,0,,
2023-07-31,0.0364900137011345,equal_weight_all,2022,-0.0058080656724308274,alpha,0.1,0,,
2023-08-31,-0.0237980375820306,equal_weight_all,2022,0.0009655915690403687,alpha,0.1,0,,
2023-09-29,-0.048160508017165815,equal_weight_all,2022,0.001075120269043342,alpha,0.1,0,,
2023-10-31,-0.035976210052308034,equal_weight_all,2022,-0.0026598385099529387,alpha,0.1,0,,
2023-11-30,0.08906247248886362,equal_weight_all,2022,-0.0021935070429638243,alpha,0.1,0,,
2023-12-29,0.06512452805934293,equal_weight_all,2022,-0.0015481017988862936,alpha,0.1,0,,
2024-01-31,0.0007579010171763494,equal_weight_all,2023,0.0002939201847661308,alpha,0.1,0,,
2024-02-29,0.051749413820350254,equal_weight_all,2023,0.00020270182391148722,alpha,0.1,0,,
2024-03-28,0.03521950627858708,equal_weight_all,2023,0.004229933298132465,alpha,0.1,0,,
2024-04-30,-0.04773888148747515,equal_weight_all,2023,-0.0019176581758598987,alpha,0.1,0,,
2024-05-31,0.04073825745084731,equal_weight_all,2023,-0.007561772694350655,alpha,0.1,0,,
2024-06-28,0.010212103968012644,equal_weight_all,2023,-0.011892401748297619,alpha,0.1,0,,
2024-07-31,0.03257809934899583,equal_weight_all,2023,-0.0022860832590274154,alpha,0.1,0,,
2024-08-30,0.017249579115842215,equal_weight_all,2023,0.0037603935069881796,alpha,0.1,0,,
2024-09-30,0.01675334715560862,equal_weight_all,2023,-0.0012704949441816622,alpha,0.1,0,,
2024-10-31,-0.010537982531585154,equal_weight_all,2023,-0.0031602820043183724,alpha,0.1,0,,
2024-11-29,0.07196907923789134,equal_weight_all,2023,-0.004847065918901855,alpha,0.1,0,,
2024-12-31,-0.04941488770573469,equal_weight_all,2023,-0.01412088416437824,alpha,0.1,0,,
2025-01-31,0.03659949684528938,equal_weight_all,2024,0.006915563004856063,alpha,0.1,0,,
2025-02-28,-0.026417420307859082,equal_weight_all,2024,0.002655988690999863,alpha,0.1,0,,
2025-03-31,-0.055355743447244,equal_weight_all,2024,0.005415263199591257,alpha,0.1,0,,
2025-04-30,-0.010745599876706098,equal_weight_all,2024,-0.001901819333220419,alpha,0.1,0,,
2025-05-30,0.05703358060480647,equal_weight_all,2024,-0.003221460595057249,alpha,0.1,0,,
2025-06-30,0.04621839370143889,equal_weight_all,2024,-0.0028356105538343487,alpha,0.1,0,,
2025-07-31,0.01519105713681629,equal_weight_all,2024,-0.007086077967011809,alpha,0.1,0,,
2025-08-29,0.027968676652636183,equal_weight_all,2024,-0.004269583796576465,alpha,0.1,0,,
2025-09-30,0.01789705123571069,equal_weight_all,2024,-0.014503456078409527,alpha,0.1,0,,
2025-10-31,0.009008943238652183,equal_weight_all,2024,-0.010271453416190783,alpha,0.1,0,,
2025-11-28,0.00954770888857506,equal_weight_all,2024,0.003659174297041579,alpha,0.1,0,,
2025-12-31,-9.895586386113934e-06,equal_weight_all,2024,-2.702224240412436e-05,alpha,0.1,0,,
